dry_run,section,title,url,page_type,action
False,topic_replacement,"#MeToo in Asia: Victories, Defeats and the Case for Digital Activism",https://www.cigionline.org/articles/metoo-in-asia-victories-defeats-and-the-case-for-digital-activism/,ArticlePage,add latter and remove former
False,topic_replacement,A Real Inclusive Trade Agenda Could Aid Gender Equality,https://www.cigionline.org/articles/real-inclusive-trade-agenda-could-aid-gender-equality/,ArticlePage,add latter and remove former
False,topic_replacement,Accounting for Women and Girls,https://www.cigionline.org/articles/accounting-women-and-girls/,ArticlePage,add latter and remove former
False,topic_replacement,Advancing Gender Equality through Trade,https://www.cigionline.org/articles/advancing-gender-equality-through-trade/,ArticlePage,add latter and remove former
False,topic_replacement,At the Margins of SSR: Gender and Informal Justice,https://www.cigionline.org/publications/margins-ssr-gender-and-informal-justice/,PublicationPage,add latter and remove former
False,topic_replacement,"At the UN, Women Lead Efforts to Bridge the Digital Divide",https://www.cigionline.org/articles/at-the-un-women-lead-efforts-to-bridge-the-digital-divide/,ArticlePage,add latter and remove former
False,topic_replacement,Briefing: International Women’s Day 2021,https://www.cigionline.org/articles/briefing-international-womens-day-2021/,ArticlePage,add latter and remove former
False,topic_replacement,Briefing: The Silencing Effect of Toxic Social Media,https://www.cigionline.org/articles/briefing-the-silencing-effect-of-toxic-social-media/,ArticlePage,add latter and remove former
False,topic_replacement,Briefing: Top Reads of 2021,https://www.cigionline.org/articles/briefing-top-reads-of-2021/,ArticlePage,add latter and remove former
False,topic_replacement,Building a Feminist Internet,https://www.cigionline.org/articles/building-feminist-internet/,ArticlePage,add latter and remove former
False,topic_replacement,"By Granting Asylum to Saudi Woman, Canada Shows Its Moral Leadership",https://www.cigionline.org/articles/granting-asylum-saudi-woman-canada-shows-its-moral-leadership/,ArticlePage,remove former only
False,topic_replacement,Calling for Gender-responsive Policy within the WTO ,https://www.cigionline.org/articles/calling-gender-responsive-policy-within-wto/,ArticlePage,add latter and remove former
False,topic_replacement,Canada Must Do More to Protect Women and Girls from Harmful Deepfakes,https://www.cigionline.org/articles/canada-must-do-more-to-protect-women-and-girls-from-harmful-deepfakes/,ArticlePage,remove former only
False,topic_replacement,Canada Needs an E-Safety Comissioner to Fight Digital Abuse,https://www.cigionline.org/articles/canada-needs-an-e-safety-comissioner-to-fight-digital-abuse/,ArticlePage,add latter and remove former
False,topic_replacement,Canada’s Federal Parties Failing to Address Gender-Based Violence Online,https://www.cigionline.org/articles/canadas-federal-parties-failing-to-address-gender-based-violence-online/,ArticlePage,remove former only
False,topic_replacement,Canadian Universities Must Stop Undervaluing Female Academics,https://www.cigionline.org/articles/canadian-universities-must-stop-undervaluing-female-academics/,ArticlePage,add latter and remove former
False,topic_replacement,CANCELLED: Closing the Gender Gap: Addressing Inequality through Policy Change,https://www.cigionline.org/events/cancelled-closing-gender-gap-addressing-inequality-through-policy-change/,EventPage,add latter and remove former
False,topic_replacement,Celebrating Women of Influence in Tech,https://www.cigionline.org/events/celebrating-women-influence-tech/,EventPage,add latter and remove former
False,topic_replacement,CIGI Announces Two-year Research Project to Combat Online Gender-based Violence,https://www.cigionline.org/articles/cigi-announces-two-year-research-project-combat-online-gender-based-violence/,ArticlePage,remove former only
False,topic_replacement,Closing the Digital Gender Divide through Trade Rules,https://www.cigionline.org/articles/closing-digital-gender-divide-through-trade-rules/,ArticlePage,add latter and remove former
False,topic_replacement,Could the Human Security Frame Derail Hard-Won Progress on Gender?,https://www.cigionline.org/articles/could-the-human-security-frame-derail-hard-won-progress-on-gender/,ArticlePage,add latter and remove former
False,topic_replacement,Data Governance Avenues for Military Cultural Transformation,https://www.cigionline.org/publications/data-governance-avenues-for-military-cultural-transformation/,PublicationPage,add latter and remove former
False,topic_replacement,Declaration Signatories Must Be Held Accountable,https://www.cigionline.org/articles/declaration-signatories-must-be-held-accountable/,ArticlePage,add latter and remove former
False,topic_replacement,Deepfakes and Digital Harms: Emerging Technologies and Gender-Based Violence,https://www.cigionline.org/multimedia/deepfakes-and-digital-harms-emerging-technologies-and-gender-based-violence/,MultimediaPage,remove former only
False,topic_replacement,"Digital Ethics, Gender-Based Analysis and Canada’s Quantum Strategy",https://www.cigionline.org/publications/digital-ethics-gender-based-analysis-and-canadas-quantum-strategy/,PublicationPage,add latter and remove former
False,topic_replacement,Digital Inclusion: Policy Pathways for Public-Private Partnerships,https://www.cigionline.org/publications/digital-inclusion-policy-pathways-for-public-private-partnerships/,PublicationPage,remove former only
False,topic_replacement,"Disarming Myths about Women, Weapons and War",https://www.cigionline.org/events/disarming-myths-about-women-weapons-and-war/,EventPage,add latter and remove former
False,topic_replacement,"Disarming Myths about Women, Weapons and War",https://www.cigionline.org/multimedia/disarming-myths-about-women-weapons-and-war/,MultimediaPage,add latter and remove former
False,topic_replacement,Education Is Key in the Fight against Cyber Harassment,https://www.cigionline.org/articles/education-is-key-in-the-fight-against-cyber-harassment/,ArticlePage,add latter and remove former
False,topic_replacement,Engendering International Trade and Investment Arbitration for Sustainable Development,https://www.cigionline.org/publications/engendering-international-trade-and-investment-arbitration-sustainable-development/,PublicationPage,add latter and remove former
False,topic_replacement,Enhancing Women Migrant Workers’ Rights and Mainstreaming Gender in Global Migration Governance,https://www.cigionline.org/publications/enhancing-women-migrant-workers-rights-and-mainstreaming-gender-global-migration/,PublicationPage,remove former only
False,topic_replacement,"Even amid Protectionism, Buenos Aires Gave Women Momentum",https://www.cigionline.org/articles/even-amid-protectionism-buenos-aires-gave-women-momentum/,ArticlePage,add latter and remove former
False,topic_replacement,Exploring Best Practices in Promoting Gender Parity,https://www.cigionline.org/articles/exploring-best-practices-promoting-gender-parity/,ArticlePage,add latter and remove former
False,topic_replacement,Figures for Social Change: Using Quantitative Data to Advance Advocacy on TFGBV,https://www.cigionline.org/articles/figures-for-social-change-using-quantitative-data-to-advance-advocacy-on-tfgbv/,ArticlePage,add latter and remove former
False,topic_replacement,Four Reasons Internet Access Is a Women's Issue,https://www.cigionline.org/articles/four-reasons-internet-access-womens-issue/,ArticlePage,add latter and remove former
False,topic_replacement,"Freedom of Thought, Social Media and the Teen Brain",https://www.cigionline.org/publications/freedom-of-thought-social-media-and-the-teen-brain/,PublicationPage,add latter and remove former
False,topic_replacement,"From Global to Local: SDG 16, Access to Justice and Women’s Strategies for Empowerment in North Kivu (DRC)",https://www.cigionline.org/publications/global-local-sdg-16-access-justice-and-womens-strategies-empowerment-north-kivu-drc/,PublicationPage,add latter and remove former
False,topic_replacement,From Rhetoric to Reality: Achieving Gender Equality for Refugee Women and Girls,https://www.cigionline.org/publications/rhetoric-reality-achieving-gender-equality-refugee-women-and-girls/,PublicationPage,add latter and remove former
False,topic_replacement,Gender Chapters in Trade Agreements: Nice Rhetoric or Sound Policy?,https://www.cigionline.org/articles/gender-chapters-trade-agreements-nice-rhetoric-or-sound-policy/,ArticlePage,add latter and remove former
False,topic_replacement,Gender Equality Impacts and Opportunities in International Law and Governance,https://www.cigionline.org/events/gender-equality-impacts-and-opportunities-international-law-and-governance/,EventPage,add latter and remove former
False,topic_replacement,Gender Equality in the Canadian Armed Forces,https://www.cigionline.org/events/gender-equality-canadian-armed-forces/,EventPage,add latter and remove former
False,topic_replacement,Gender Equality in the WTO: The Need for Women Leaders ,https://www.cigionline.org/articles/gender-equality-wto-need-women-leaders/,ArticlePage,add latter and remove former
False,topic_replacement,Gender Impact of Regional Integration in the East African Community,https://www.cigionline.org/articles/gender-impact-regional-integration-east-african-community/,ArticlePage,add latter and remove former
False,topic_replacement,Gender-Based Censorship: The Silencing of Voices in Digital Spaces,https://www.cigionline.org/events/gender-based-censorship-the-silencing-of-voices-in-digital-spaces/,EventPage,add latter and remove former
False,topic_replacement,Gender-Based Censorship: The Silencing of Voices in Digital Spaces,https://www.cigionline.org/multimedia/gender-based-censorship-the-silencing-of-voices-in-digital-spaces/,MultimediaPage,add latter and remove former
False,topic_replacement,Generative AI Tools Are Perpetuating Harmful Gender Stereotypes,https://www.cigionline.org/articles/generative-ai-tools-are-perpetuating-harmful-gender-stereotypes/,ArticlePage,add latter and remove former
False,topic_replacement,Gig Economies Living Lab: Bridging Global Divides in Research,https://www.cigionline.org/publications/gig-economies-living-lab-bridging-global-divides-in-research/,PublicationPage,remove former only
False,topic_replacement,Global Health Systems Aren’t Ready for the Rise of Humanitarian “Femtech”,https://www.cigionline.org/articles/global-health-systems-arent-ready-for-the-rise-of-humanitarian-femtech/,ArticlePage,remove former only
False,topic_replacement,Global Youth Forum: Gender Equality,https://www.cigionline.org/events/global-youth-forum-gender-equality/,EventPage,add latter and remove former
False,topic_replacement,How Can Impact Assessments Improve Protection from TFGBV?,https://www.cigionline.org/publications/how-can-impact-assessments-improve-protection-from-tfgbv/,PublicationPage,add latter and remove former
False,topic_replacement,How Canada’s Progressive Trade Agenda Can Improve the Global Trading System – The Particular Case of Women and Trade,https://www.cigionline.org/events/how-canadas-progressive-trade-agenda-can-improve-global-trading-system-particular-case-women/,EventPage,add latter and remove former
False,topic_replacement,How Women Are Shaping Technology and Data Governance,https://www.cigionline.org/articles/how-women-are-shaping-technology-and-data-governance/,ArticlePage,add latter and remove former
False,topic_replacement,"In Iran, Women Deploy Social Media in the Fight for Rights",https://www.cigionline.org/articles/in-iran-women-deploy-social-media-in-the-fight-for-rights/,ArticlePage,add latter and remove former
False,topic_replacement,"In Saudi Arabia, Digital Repression Has a Uniquely Gendered Aspect",https://www.cigionline.org/articles/in-saudi-arabia-digital-repression-has-a-uniquely-gendered-aspect/,ArticlePage,add latter and remove former
False,topic_replacement,"In the Wake of the Waterloo Attack, Universities Must Take Incitement to Violence More Seriously",https://www.cigionline.org/articles/in-the-wake-of-the-waterloo-attack-universities-must-take-incitement-to-violence-more-seriously/,ArticlePage,add latter and remove former
False,topic_replacement,"In Tunisia, a Legal Patchwork Is Failing Women Online",https://www.cigionline.org/articles/tunisia-legal-patchwork-failing-women-online/,ArticlePage,remove former only
False,topic_replacement,International Trade Is at Risk of Leaving Women Behind,https://www.cigionline.org/articles/international-trade-risk-leaving-women-behind/,ArticlePage,add latter and remove former
False,topic_replacement,Internet Crime Transcends Borders: So Must the Fight Against It,https://www.cigionline.org/articles/internet-crime-transcends-borders-so-must-the-fight-against-it/,ArticlePage,add latter and remove former
False,topic_replacement,"IWD 2019: Know Better, Do Better",https://www.cigionline.org/events/iwd-2019-know-better-do-better/,EventPage,add latter and remove former
False,topic_replacement,"IWD 2020: Know Better, Do Better",https://www.cigionline.org/events/iwd-2020-know-better-do-better/,EventPage,add latter and remove former
False,topic_replacement,Legal Issues For Women In Iraq And How Poor Internet Connection Produces Inequality,https://www.cigionline.org/articles/legal-issues-women-iraq-and-how-poor-internet-connection-produces-inequality/,ArticlePage,add latter and remove former
False,topic_replacement,Liberals' Hopes Stymied for Indigenous and Gender-rights Chapters in Renegotiated NAFTA,https://www.cigionline.org/articles/liberals-hopes-stymied-indigenous-and-gender-rights-chapters-renegotiated-nafta/,ArticlePage,add latter and remove former
False,topic_replacement,Looking to Regional Trade Agreements for Lessons on Gender Equality,https://www.cigionline.org/articles/looking-regional-trade-agreements-lessons-gender-equality/,ArticlePage,add latter and remove former
False,topic_replacement,Mainstreaming Gender in the Face of Pervasive Inequality ,https://www.cigionline.org/articles/mainstreaming-gender-face-pervasive-inequality/,ArticlePage,add latter and remove former
False,topic_replacement,Mainstreaming Gender in Trade Agreements,https://www.cigionline.org/mainstreaming-gender-trade-agreements/,ArticleSeriesPage,add latter and remove former
False,topic_replacement,Mainstreaming Gender in Trade Agreements,https://www.cigionline.org/publications/mainstreaming-gender-in-trade-agreements/,PublicationPage,add latter and remove former
False,topic_replacement,"Making Trade More Equitable: How a Progressive Trade Agenda could share the benefits of Trade Labour, Women and Indigenous Peoples",https://www.cigionline.org/events/making-trade-more-equitable-how-progressive-trade-agenda-could-share-benefits-trade-labour/,EventPage,add latter and remove former
False,topic_replacement,Moving from Principles to Progress on Women’s Economic Empowerment,https://www.cigionline.org/articles/moving-principles-progress-womens-economic-empowerment/,ArticlePage,add latter and remove former
False,topic_replacement,Non-binary TikTokers in Latin America: Sharing Debates and Circumventing Censorship,https://www.cigionline.org/publications/non-binary-tiktokers-in-latin-america-sharing-debates-and-circumventing-censorship/,PublicationPage,add latter and remove former
False,topic_replacement,"Non-Consensual Intimate Image Distribution: The Legal Landscape in Kenya, Chile and South Africa",https://www.cigionline.org/publications/non-consensual-intimate-image-distribution-the-legal-landscape-in-kenya-chile-and-south-africa/,PublicationPage,remove former only
False,topic_replacement,"On the Table: ""Coffee, Cookies and Women in Governance and Politics""",https://www.cigionline.org/events/table-coffee-cookies-and-women-governance-and-politics/,EventPage,add latter and remove former
False,topic_replacement,Online Gender-Based Violence in Brazil: New Data Insights,https://www.cigionline.org/publications/online-gender-based-violence-in-brazil-new-data-insights/,PublicationPage,add latter and remove former
False,topic_replacement,Online Gender-Based Violence Is Endemic: It Should Be Considered a Form of Terrorism,https://www.cigionline.org/articles/online-gender-based-violence-is-endemic-it-should-be-considered-a-form-of-terrorism/,ArticlePage,remove former only
False,topic_replacement,Online Safety Laws Are Nonsensical If Human Rights Are Watered Down,https://www.cigionline.org/articles/online-safety-laws-are-nonsensical-if-human-rights-are-watered-down/,ArticlePage,remove former only
False,topic_replacement,Platform Governance of Misogyny: Mainstream and Alternative Technology,https://www.cigionline.org/publications/platform-governance-of-misogyny-mainstream-and-alternative-technology/,PublicationPage,add latter and remove former
False,topic_replacement,Powering Change: Women in Innovation and Creativity,https://www.cigionline.org/events/powering-change-women-innovation-and-creativity/,EventPage,add latter and remove former
False,topic_replacement,Reshaping Trade through Women's Economic Empowerment,https://www.cigionline.org/events/reshaping-trade-through-womens-economic-empowerment/,EventPage,add latter and remove former
False,topic_replacement,Reshaping Trade through Women’s Economic Empowerment,https://www.cigionline.org/publications/reshaping-trade-through-womens-economic-empowerment/,PublicationPage,add latter and remove former
False,topic_replacement,Resource Extraction and the Human Rights of Women and Girls,https://www.cigionline.org/events/resource-extraction-and-human-rights-women-and-girls/,EventPage,remove former only
False,topic_replacement,Responding to Non-Consensual Intimate Image Distribution,https://www.cigionline.org/events/responding-non-consensual-intimate-image-distribution/,EventPage,remove former only
False,topic_replacement,Responding to Non-Consensual Intimate Image Distribution,https://www.cigionline.org/multimedia/responding-to-non-consensual-intimate-image-distribution/,MultimediaPage,remove former only
False,topic_replacement,Revisiting Women's Economic Empowerment,https://www.cigionline.org/articles/revisiting-womens-economic-empowerment/,ArticlePage,add latter and remove former
False,topic_replacement,RightsCon 2025 Workshop: Figures for Social Change: How to Use Quantitative Survey Data in Intersectional Advocacy on TFGBV,https://www.cigionline.org/events/rightscon-2025-workshop-figures-for-social-change-how-to-use-quantitative-survey-data-in-intersectional-advocacy-on-technology-facilitated-gender-based-violence-tfgbv/,EventPage,add latter and remove former
False,topic_replacement,RightsCon Cancelled: Geopolitical Competition Shrinks Space for Human Rights,https://www.cigionline.org/articles/rightscon-cancelled-geopolitical-competition-shrinks-space-for-human-rights/,ArticlePage,remove former only
False,topic_replacement,Saudi Arabia: Women's Rights Activists Charged,https://www.cigionline.org/articles/saudi-arabia-womens-rights-activists-charged/,ArticlePage,add latter and remove former
False,topic_replacement,Support for Gender-responsive Trade Policies at WTO Ministerial Conference,https://www.cigionline.org/articles/support-gender-responsive-trade-policies-wto-ministerial-conference/,ArticlePage,add latter and remove former
False,topic_replacement,Supporting a Safer Internet,https://www.cigionline.org/publications/publication-series/supporting-safer-internet/,PublicationSeriesPage,add latter and remove former
False,topic_replacement,Supporting Safer Digital Spaces,https://www.cigionline.org/programs/supporting-safer-digital-spaces/,ProjectPage,add latter and remove former
False,topic_replacement,Supporting Safer Digital Spaces,https://www.cigionline.org/publications/supporting-safer-digital-spaces/,PublicationPage,add latter and remove former
False,topic_replacement,Supporting Safer Digital Spaces — Introducing CIGI’s Special Report,https://www.cigionline.org/multimedia/supporting-safer-digital-spaces-introducing-cigis-special-report/,MultimediaPage,add latter and remove former
False,topic_replacement,Supporting Safer Digital Spaces: Highlights,https://www.cigionline.org/publications/supporting-safer-digital-spaces-highlights/,PublicationPage,add latter and remove former
False,topic_replacement,Supporting Safer Digital Spaces: International Research Launch,https://www.cigionline.org/events/supporting-safer-digital-spaces-international-research-launch/,EventPage,add latter and remove former
False,topic_replacement,Supporting Safer Digital Spaces: MENA Region Highlights,https://www.cigionline.org/publications/supporting-safer-digital-spaces-mena-region-highlights/,PublicationPage,add latter and remove former
False,topic_replacement,Supporting Safer Digital Spaces: Phase 2 Research Preview,https://www.cigionline.org/publications/supporting-safer-digital-spaces-phase-2-research-preview/,PublicationPage,add latter and remove former
False,topic_replacement,"Tech-facilitated gender-based violence is an international, human rights concern, finds new research",https://www.cigionline.org/articles/tech-facilitated-gender-based-violence-is-an-international-human-rights-concern-finds-new-research/,ArticlePage,add latter and remove former
False,topic_replacement,Technology-Facilitated Gender-Based Violence: An Overview,https://www.cigionline.org/publications/technology-facilitated-gender-based-violence-overview/,PublicationPage,add latter and remove former
False,topic_replacement,"Technology, Bodies and Emotions: Researching Gendered Gig Work",https://www.cigionline.org/publications/technology-bodies-and-emotions-researching-gendered-gig-work/,PublicationPage,add latter and remove former
False,topic_replacement,"Technology, Gender-Based Violence and the Shadow Pandemic",https://www.cigionline.org/articles/technology-gender-based-violence-and-shadow-pandemic/,ArticlePage,add latter and remove former
False,topic_replacement,The Case for Developing a Model Chapter on Gender and Trade,https://www.cigionline.org/articles/case-developing-model-chapter-gender-and-trade/,ArticlePage,add latter and remove former
False,topic_replacement,"The Cost of Transgression: Gender, Sexuality and Online Violence in India",https://www.cigionline.org/publications/the-cost-of-transgression-gender-sexuality-and-online-violence-in-india/,PublicationPage,add latter and remove former
False,topic_replacement,The Creation of the International Criminal Court: Gender as a Case Study,https://www.cigionline.org/multimedia/creation-international-criminal-court-gender-case-study/,MultimediaPage,add latter and remove former
False,topic_replacement,The Dialogue Around Digital Security Must Account for Gendered Risks,https://www.cigionline.org/articles/the-dialogue-around-digital-security-must-account-for-gendered-risks/,ArticlePage,add latter and remove former
False,topic_replacement,"The Grok Scandal Forces Reckoning on AI, Consent and Gendered Harms",https://www.cigionline.org/articles/the-grok-scandal-forces-reckoning-on-ai-consent-and-gendered-harms/,ArticlePage,add latter and remove former
False,topic_replacement,The Importance (and Complexity) of Mainstreaming Gender in Trade Agreements ,https://www.cigionline.org/articles/importance-and-complexity-mainstreaming-gender-trade-agreements/,ArticlePage,add latter and remove former
False,topic_replacement,The Importance of Women’s Economic Empowerment in World Trade,https://www.cigionline.org/multimedia/importance-womens-economic-empowerment-world-trade/,MultimediaPage,add latter and remove former
False,topic_replacement,The Military’s Crisis of Analytics: Modernizing Misconduct Data,https://www.cigionline.org/publications/the-militarys-crisis-of-analytics-modernizing-misconduct-data/,PublicationPage,add latter and remove former
False,topic_replacement,The SDGs and Gender: The Case of Indigenous and Local Women’s Traditional Knowledge,https://www.cigionline.org/publications/sdgs-and-gender-case-indigenous-and-local-womens-traditional-knowledge/,PublicationPage,add latter and remove former
False,topic_replacement,The Unsung Women Facilitating Global Trade,https://www.cigionline.org/articles/unsung-women-facilitating-global-trade/,ArticlePage,add latter and remove former
False,topic_replacement,The US Federal Reserve Is a Boys' Club Again,https://www.cigionline.org/articles/us-federal-reserve-boys-club-again/,ArticlePage,add latter and remove former
False,topic_replacement,The World of Online Gaming Is “Uniquely Uncivil” for Women and People of Colour,https://www.cigionline.org/articles/the-world-of-online-gaming-is-uniquely-uncivil-for-women-and-people-of-colour/,ArticlePage,add latter and remove former
False,topic_replacement,"To Eliminate Violence Against Women, We Must Take the Fight to Online Spaces",https://www.cigionline.org/articles/to-eliminate-violence-against-women-we-must-take-the-fight-to-online-spaces/,ArticlePage,add latter and remove former
False,topic_replacement,Toward a “Win-win” for Gender Equality and Trade,https://www.cigionline.org/articles/toward-win-win-gender-equality-and-trade/,ArticlePage,add latter and remove former
False,topic_replacement,Trade Equality: Women’s Economic Empowerment,https://www.cigionline.org/multimedia/trade-equality-womens-economic-empowerment/,MultimediaPage,add latter and remove former
False,topic_replacement,"Trade's Impact on Women is Multi-faceted; Trade Policy Should Be, Too",https://www.cigionline.org/articles/trades-impact-women-multi-faceted-trade-policy-should-be-too/,ArticlePage,add latter and remove former
False,topic_replacement,Transparency as a First Step for Tomorrow’s Investment Treaties,https://www.cigionline.org/articles/transparency-first-step-tomorrows-investment-treaties/,ArticlePage,add latter and remove former
False,topic_replacement,Trudeau's G7 Gender Equality Push Gains Traction,https://www.cigionline.org/articles/trudeaus-g7-gender-equality-push-gains-traction/,ArticlePage,add latter and remove former
False,topic_replacement,Turning the Promise of the AfCFTA into Lasting Progress for Women in Africa,https://www.cigionline.org/articles/turning-promise-afcfta-lasting-progress-women-africa/,ArticlePage,add latter and remove former
False,topic_replacement,Underserved or Oversurveilled: Can We Strike a Balance When Regulating Tech?,https://www.cigionline.org/articles/underserved-or-oversurveilled-can-we-strike-balance-when-regulating-tech/,ArticlePage,add latter and remove former
False,topic_replacement,What Can We Do to Combat Online Gender-Based Violence?,https://www.cigionline.org/articles/what-can-we-do-to-combat-online-gender-based-violence/,ArticlePage,add latter and remove former
False,topic_replacement,What Is Online Gender-Based Violence?,https://www.cigionline.org/multimedia/what-is-online-gender-based-violence/,MultimediaPage,add latter and remove former
False,topic_replacement,What Is Technology-Facilitated Violence?,https://www.cigionline.org/multimedia/what-is-technology-facilitated-violence/,MultimediaPage,add latter and remove former
False,topic_replacement,"When Domestic Law Fails Women, Treaties Are a Tool",https://www.cigionline.org/articles/when-domestic-law-fails-women-treaties-are-tool/,ArticlePage,add latter and remove former
False,topic_replacement,"When It Comes to Gender Analysis, Modern Trade Agreements Are Lacking",https://www.cigionline.org/articles/when-it-comes-gender-analysis-modern-trade-agreements-are-lacking/,ArticlePage,add latter and remove former
False,topic_replacement,"When She Trades, We All Benefit",https://www.cigionline.org/articles/when-she-trades-we-all-benefit/,ArticlePage,add latter and remove former
False,topic_replacement,"When the Broligarchy Comes to Meta, the Most Vulnerable People Are Threatened",https://www.cigionline.org/articles/when-the-broligarchy-comes-to-meta-the-most-vulnerable-people-are-threatened/,ArticlePage,remove former only
False,topic_replacement,"When Women Are Silenced Online, Democracy Suffers",https://www.cigionline.org/articles/when-women-are-silenced-online-democracy-suffers/,ArticlePage,add latter and remove former
False,topic_replacement,Why Negotiators Should Take a Whole Agreement Approach to Mainstreaming Gender in Trade Agreements,https://www.cigionline.org/articles/why-negotiators-should-take-whole-agreement-approach-mainstreaming-gender-trade-agreements/,ArticlePage,add latter and remove former
False,topic_replacement,Why Women Over 40 Are Having More Babies,https://www.cigionline.org/articles/why-women-over-40-are-having-more-babies/,ArticlePage,add latter and remove former
False,topic_replacement,Will CPTPP Offer Tangible Improvements for Women?,https://www.cigionline.org/articles/will-cptpp-offer-tangible-improvements-women/,ArticlePage,add latter and remove former
False,topic_replacement,Will the Gendered Aspects of Canada's Colonial Project Be Addressed? ,https://www.cigionline.org/articles/will-gendered-aspects-canadas-colonial-project-be-addressed/,ArticlePage,add latter and remove former
False,topic_replacement,"Women and Trade at the WTO: Pink Herring, Trojan Horse or Historic Advance?",https://www.cigionline.org/articles/women-and-trade-wto-pink-herring-trojan-horse-or-historic-advance/,ArticlePage,add latter and remove former
False,topic_replacement,Women Politicians in Southeast Asia Face an Epidemic of Online Violence,https://www.cigionline.org/articles/women-politicians-in-southeast-asia-face-an-epidemic-of-online-violence/,ArticlePage,add latter and remove former
False,topic_replacement,Women Support Trade in the United Kingdom,https://www.cigionline.org/articles/women-support-trade-united-kingdom/,ArticlePage,add latter and remove former
False,topic_replacement,"Women, Not Politicians, Are Targeted Most Often by Deepfake Videos",https://www.cigionline.org/articles/women-not-politicians-are-targeted-most-often-deepfake-videos/,ArticlePage,add latter and remove former
False,topic_replacement,Worried Internet Rules Will Curb Expression? Online Hate Is Doing That Now,https://www.cigionline.org/articles/worried-internet-rules-will-curb-expression-online-hate-is-doing-that-now/,ArticlePage,add latter and remove former
False,topic_replacement,"AI’s Global South Pivot: Equity, Ethics and Ecology",https://www.cigionline.org/publications/ais-global-south-pivot-equity-ethics-and-ecology/,PublicationPage,remove former only
False,topic_replacement,Applying a Tech Lens to the Right to Information: Part 1,https://www.cigionline.org/publications/applying-a-tech-lens-to-the-right-to-information-part-1/,PublicationPage,add latter and remove former
False,topic_replacement,Applying a Tech Lens to the Right to Information: Part 2,https://www.cigionline.org/publications/applying-a-tech-lens-to-the-right-to-information-part-2/,PublicationPage,add latter and remove former
False,topic_replacement,Building a Data Wealth Fund,https://www.cigionline.org/articles/building-a-data-wealth-fund/,ArticlePage,add latter and remove former
False,topic_replacement,Can Free Thinking Survive the Onslaught of False Content?,https://www.cigionline.org/articles/can-free-thinking-survive-the-onslaught-of-false-content/,ArticlePage,add latter and remove former
False,topic_replacement,"Canada’s Bill C-63: Good Politics, (Mostly) Empty Policy",https://www.cigionline.org/articles/canadas-bill-c-63-good-politics-mostly-empty-policy/,ArticlePage,add latter and remove former
False,topic_replacement,"Canada’s Lawful Access Bill: Heavy on Secrecy, Light on Accountability",https://www.cigionline.org/articles/canadas-lawful-access-bill-heavy-on-secrecy-light-on-accountability/,ArticlePage,add latter and remove former
False,topic_replacement,Decoding Brain Data (the possibilities and pitfalls of neurotech with Jared Genser),https://www.cigionline.org/pp/decoding-brain-data-the-possibilities-and-pitfalls-of-neurotech-with-jared-genser/,MultimediaPage,add latter and remove former
False,topic_replacement,Democratic Accountability in Canada’s Proposed Lawful Access Regime,https://www.cigionline.org/publications/democratic-accountability-in-canadas-proposed-lawful-access-regime/,PublicationPage,remove former only
False,topic_replacement,Developing a Framework for Collective Data Rights,https://www.cigionline.org/publications/developing-a-framework-for-collective-data-rights/,PublicationPage,add latter and remove former
False,topic_replacement,Digital Inclusion: Policy Pathways for Public-Private Partnerships,https://www.cigionline.org/publications/digital-inclusion-policy-pathways-for-public-private-partnerships/,PublicationPage,add latter and remove former
False,topic_replacement,Digital Regulatory Networks and Evolving Internet Governance Spaces,https://www.cigionline.org/publications/digital-regulatory-networks-and-evolving-internet-governance-spaces/,PublicationPage,remove former only
False,topic_replacement,Digital Violence Is Silencing Women. Here Is How We Must Stop It,https://www.cigionline.org/articles/digital-violence-is-silencing-women-here-is-how-we-must-stop-it/,ArticlePage,add latter and remove former
False,topic_replacement,Gig Economies Living Lab: Bridging Global Divides in Research,https://www.cigionline.org/publications/gig-economies-living-lab-bridging-global-divides-in-research/,PublicationPage,remove former only
False,topic_replacement,Google’s Move to Retain Cookies Puts the Onus on Regulators,https://www.cigionline.org/articles/googles-move-to-retain-cookies-puts-the-onus-on-regulators/,ArticlePage,add latter and remove former
False,topic_replacement,Harmonization of Data Governance Frameworks in Africa,https://www.cigionline.org/publications/harmonization-of-data-governance-frameworks-in-africa/,PublicationPage,add latter and remove former
False,topic_replacement,Has the US Supreme Court Made It Harder to Regulate Social Media — or the Opposite?,https://www.cigionline.org/articles/has-the-us-supreme-court-made-it-harder-to-regulate-social-media-or-the-opposite/,ArticlePage,add latter and remove former
False,topic_replacement,"In Our Computational World, What Do We Know? (seeing the many worlds with Michael Richardson)",https://www.cigionline.org/pp/in-our-computational-world-what-do-we-know-seeing-the-many-worlds-with-michael-richardson/,MultimediaPage,add latter and remove former
False,topic_replacement,RightsCon Cancelled: Geopolitical Competition Shrinks Space for Human Rights,https://www.cigionline.org/articles/rightscon-cancelled-geopolitical-competition-shrinks-space-for-human-rights/,ArticlePage,add latter and remove former
False,topic_replacement,Seizing the Watershed Moment: Africa’s AI Strategy,https://www.cigionline.org/publications/seizing-the-watershed-moment-africas-ai-strategy/,PublicationPage,add latter and remove former
False,topic_replacement,Shrinking the Digital Divide: Raising Digital Literacy in Rural Areas,https://www.cigionline.org/publications/shrinking-the-digital-divide-raising-digital-literacy-in-rural-areas/,PublicationPage,add latter and remove former
False,topic_replacement,Temporary Foreign Workers’ Rights and Canadian Media,https://www.cigionline.org/publications/temporary-foreign-workers-rights-and-canadian-media/,PublicationPage,add latter and remove former
False,topic_replacement,The Cost of Control: Challenges and Trade-Offs of Digital Sovereignty,https://www.cigionline.org/publications/the-cost-of-control-challenges-and-trade-offs-of-digital-sovereignty/,PublicationPage,remove former only
False,topic_replacement,The Great Digital Disconnect: AI Deregulation Versus Public Trust,https://www.cigionline.org/articles/the-great-digital-disconnect-ai-deregulation-versus-public-trust/,ArticlePage,add latter and remove former
False,topic_replacement,"The Grok Scandal Forces Reckoning on AI, Consent and Gendered Harms",https://www.cigionline.org/articles/the-grok-scandal-forces-reckoning-on-ai-consent-and-gendered-harms/,ArticlePage,add latter and remove former
False,topic_replacement,The Intersection of Digital Rights and Technology: Charting a Path Forward,https://www.cigionline.org/publications/the-intersection-of-digital-rights-and-technology-charting-a-path-forward/,PublicationPage,add latter and remove former
False,topic_replacement,"The Learning Society: How AI Is Redefining Work, Culture and Human Purpose",https://www.cigionline.org/articles/the-learning-society-how-ai-is-redefining-work-culture-and-human-purpose/,ArticlePage,add latter and remove former
False,topic_replacement,The Shifting Value of Personal Data,https://www.cigionline.org/articles/the-shifting-value-of-personal-data/,ArticlePage,add latter and remove former
False,topic_replacement,"To Overcome AI-Enabled Propaganda, Support Communities Already Fighting It",https://www.cigionline.org/articles/to-overcome-ai-enabled-propaganda-support-communities-already-fighting-it/,ArticlePage,add latter and remove former
False,topic_replacement,"When Chatbots Fuel Violence, Who Pays the Price?",https://www.cigionline.org/articles/when-chatbots-fuel-violence-who-pays-the-price/,ArticlePage,add latter and remove former
False,topic_replacement,When Human Bias Meets Machine-Scale Amplification,https://www.cigionline.org/articles/when-human-bias-meets-machine-scale-amplification/,ArticlePage,add latter and remove former
False,topic_replacement,Why AI’s Growing Deceptive Abilities Are No Surprise,https://www.cigionline.org/articles/why-ais-growing-deceptive-abilities-are-no-surprise/,ArticlePage,add latter and remove former
False,topic_replacement,"With Meta and YouTube Verdicts, Silicon Valley Is Having Its Big Tobacco Moment",https://www.cigionline.org/articles/with-meta-and-youtube-verdicts-silicon-valley-is-having-its-big-tobacco-moment/,ArticlePage,add latter and remove former
False,topic_replacement,'Worse in Terms of Lack of Strategic Consideration Than the American Invasion of Iraq': Lalani,https://www.cigionline.org/articles/worse-in-terms-of-lack-of-strategic-consideration-than-the-american-invasion-of-iraq-lalani/,ArticlePage,remove former only
False,topic_replacement,A Joint International AI Lab: Design Considerations,https://www.cigionline.org/publications/a-joint-international-ai-lab-design-considerations/,PublicationPage,add latter and remove former
False,topic_replacement,‘A volatile White House’: What shaped responses to U.S.’s Venezuela attack?,https://www.cigionline.org/articles/a-volatile-white-house-what-shaped-responses-to-uss-venezuela-attack/,ArticlePage,remove former only
False,topic_replacement,Advancing Multi-stakeholderism for Global Governance of the Internet and AI,https://www.cigionline.org/publications/advancing-multi-stakeholderism-for-global-governance-of-the-internet-and-ai/,PublicationPage,add latter and remove former
False,topic_replacement,AI and the Digital Economy Framework Agreement: Preparing ASEAN for the Next Tech Wave,https://www.cigionline.org/articles/ai-and-the-digital-economy-framework-agreement-preparing-asean-for-the-next-tech-wave/,ArticlePage,remove former only
False,topic_replacement,"At AI Impact Summit, Make a Case for BRICS, Too",https://www.cigionline.org/articles/at-ai-impact-summit-make-a-case-for-brics-too/,ArticlePage,remove former only
False,topic_replacement,Bridging Civilizations: India’s Dharmic Democracy and the Liberal Paradigm,https://www.cigionline.org/articles/bridging-civilizations-indias-dharmic-democracy-and-the-liberal-paradigm/,ArticlePage,remove former only
False,topic_replacement,Can G7 Stay Relevant In Multipolar World?,https://www.cigionline.org/articles/can-g7-stay-relevant-in-multipolar-world/,ArticlePage,remove former only
False,topic_replacement,Canada and other countries are going to need to step up: Samson on the future of global trade,https://www.cigionline.org/articles/canada-and-other-countries-are-going-to-need-to-step-up-samson-on-the-future-of-global-trade/,ArticlePage,remove former only
False,topic_replacement,"Canada Cannot Compete on AI Regulation, but It Can Coordinate It",https://www.cigionline.org/articles/canada-cannot-compete-on-ai-regulation-but-it-can-coordinate-it/,ArticlePage,add latter and remove former
False,topic_replacement,Canada Can’t Afford to Sit Out the Fight for Climate Truth,https://www.cigionline.org/articles/canada-cant-afford-to-sit-out-the-fight-for-climate-truth/,ArticlePage,remove former only
False,topic_replacement,Canada Is a Regionless Country in the Internet Governance World,https://www.cigionline.org/articles/canada-is-a-regionless-country-in-the-internet-governance-world/,ArticlePage,add latter and remove former
False,topic_replacement,Canada Is a Signatory to the First Global Treaty on AI: Why That Matters,https://www.cigionline.org/articles/canada-is-a-signatory-to-the-first-global-treaty-on-ai-why-that-matters/,ArticlePage,remove former only
False,topic_replacement,Canada’s Alliance Politics and the Revolution in Quantum Military Affairs,https://www.cigionline.org/publications/canadas-alliance-politics-and-the-revolution-in-quantum-military-affairs/,PublicationPage,add latter and remove former
False,topic_replacement,Canada’s Great Recalibration,https://www.cigionline.org/articles/canadas-great-recalibration/,ArticlePage,remove former only
False,topic_replacement,Canada’s Next Leap of Faith: New Tools to Diversify Global Markets,https://www.cigionline.org/articles/canadas-next-leap-of-faith-new-tools-to-diversify-global-markets/,ArticlePage,add latter and remove former
False,topic_replacement,"Canada’s Opportunity to Redefine Its Defence, and Its Value to Allies",https://www.cigionline.org/articles/canadas-opportunity-to-redefine-its-defence-and-its-value-to-allies/,ArticlePage,remove former only
False,topic_replacement,Canada’s Variable Geometry Starts in the Arctic,https://www.cigionline.org/articles/canadas-variable-geometry-starts-in-the-arctic/,ArticlePage,remove former only
False,topic_replacement,CIGI Expert Available: Prime Minister Mark Carney's Davos Speech and Canada's foreign policy,https://www.cigionline.org/articles/cigi-expert-available-prime-minister-mark-carneys-davos-speech-and-canadas-foreign-policy/,ArticlePage,remove former only
False,topic_replacement,Closing the Global North-South Gap in the Second Space Age,https://www.cigionline.org/publications/closing-the-global-north-south-gap-in-the-second-space-age/,PublicationPage,add latter and remove former
False,topic_replacement,Convenience Costs (the extraction economy with Tim Wu),https://www.cigionline.org/pp/convenience-costs-the-extraction-economy-with-tim-wu/,MultimediaPage,add latter and remove former
False,topic_replacement,Currents for a Third Path: A Canada-India Vision for AI and Climate Intelligence,https://www.cigionline.org/articles/currents-for-a-third-path-a-canada-india-vision-for-ai-and-climate-intelligence/,ArticlePage,add latter and remove former
False,topic_replacement,De-risking Digitalization via Joint Ventures: The Case of Togo,https://www.cigionline.org/publications/de-risking-digitalization-via-joint-ventures-the-case-of-togo/,PublicationPage,remove former only
False,topic_replacement,Developing a Space Ethic Respectful of Indigenous Cultures,https://www.cigionline.org/publications/developing-a-space-ethic-respectful-of-indigenous-cultures/,PublicationPage,remove former only
False,topic_replacement,Digital Flux Has Coarsened the Mediascape of the World’s Largest Democracy,https://www.cigionline.org/articles/digital-flux-has-coarsened-the-mediascape-of-the-worlds-largest-democracy/,ArticlePage,remove former only
False,topic_replacement,"Digital Governance in 2026: The Key Shifts Shaping Technology, Security and Global Power",https://www.cigionline.org/articles/digital-governance-in-2026-the-key-shifts-shaping-technology-security-and-global-power/,ArticlePage,add latter and remove former
False,topic_replacement,Does Growing Military Spending Spell the United Nations’ Decline — Or Make It More Relevant than Ever?,https://www.cigionline.org/articles/does-growing-military-spending-spell-the-united-nations-decline-or-make-it-more-relevant-than-ever/,ArticlePage,add latter and remove former
False,topic_replacement,"Évian G7 Summit: Digital Economy, Trade and Emerging Technology",https://www.cigionline.org/articles/%C3%A9vian-g7-summit-digital-economy-trade-and-emerging-technology/,ArticlePage,add latter and remove former
False,topic_replacement,For All Humankind: A Framework for Responsible Spacefaring,https://www.cigionline.org/publications/for-all-humankind-a-framework-for-responsible-spacefaring/,PublicationPage,remove former only
False,topic_replacement,Framework Convention on Global AI Challenges,https://www.cigionline.org/publications/framework-convention-on-global-ai-challenges/,PublicationPage,add latter and remove former
False,topic_replacement,Freedom of Thought: Reviving and Protecting a Forgotten Human Right,https://www.cigionline.org/publications/freedom-of-thought-reviving-and-protecting-a-forgotten-human-right/,PublicationPage,add latter and remove former
False,topic_replacement,From AI Data Centres to Your Next Smartphone: The Memory Bottleneck Is Everyone’s Problem,https://www.cigionline.org/articles/opinion-from-ai-data-centres-to-your-next-smartphone-the-memory-bottleneck-is-everyones-problem/,ArticlePage,remove former only
False,topic_replacement,From Pax Americana to Pax “Multipolaris”: The Rise of a Fragmented Global Order,https://www.cigionline.org/articles/from-pax-americana-to-pax-multipolaris-the-rise-of-a-fragmented-global-order/,ArticlePage,remove former only
False,topic_replacement,From Shipping Things to Spreading Ideas (unboxing global trade with Marc Levinson),https://www.cigionline.org/pp/from-shipping-things-to-spreading-ideas-unboxing-global-trade-with-marc-levinson/,MultimediaPage,add latter and remove former
False,topic_replacement,"Full Show: What is a Crisis?, Breaking down Davos & Social media and kids",https://www.cigionline.org/articles/full-show-what-is-a-crisis-breaking-down-davos-social-media-and-kids/,ArticlePage,remove former only
False,topic_replacement,"Geneva, We Have a Problem: Space Diplomacy Goes Nuclear",https://www.cigionline.org/publications/geneva-we-have-a-problem-space-diplomacy-goes-nuclear/,PublicationPage,add latter and remove former
False,topic_replacement,Geopolitical Ambitions and Rule Contestations in Space Governance,https://www.cigionline.org/publications/geopolitical-ambitions-and-rule-contestations-in-space-governance/,PublicationPage,add latter and remove former
False,topic_replacement,Global Quantum Governance: From Principles to Practice,https://www.cigionline.org/publications/global-quantum-governance-from-principles-to-practice/,PublicationPage,add latter and remove former
False,topic_replacement,Global South Countries Have No Choice but to Care About Advanced AI,https://www.cigionline.org/articles/global-south-countries-have-no-choice-but-to-care-about-advanced-ai/,ArticlePage,add latter and remove former
False,topic_replacement,Here’s How We Can Support AI Discussions in the Global South,https://www.cigionline.org/articles/heres-how-we-can-support-ai-discussions-in-the-global-south/,ArticlePage,remove former only
False,topic_replacement,How Canada Needs to Respond to the US Data Crisis,https://www.cigionline.org/articles/how-canada-needs-to-respond-to-the-us-data-crisis/,ArticlePage,add latter and remove former
False,topic_replacement,How Do Current AI Regulations Shape the Global Governance Framework?,https://www.cigionline.org/publications/how-do-current-ai-regulations-shape-the-global-governance-framework/,PublicationPage,remove former only
False,topic_replacement,India’s Industrial Evolution and Global Value Chains: From Autarky to Aspiration,https://www.cigionline.org/publications/indias-industrial-evolution-and-global-value-chains-from-autarky-to-aspiration/,PublicationPage,add latter and remove former
False,topic_replacement,India’s Rise on the Global Chessboard Makes It Pivotal to Indo-Pacific Security,https://www.cigionline.org/articles/indias-rise-on-the-global-chessboard-makes-it-pivotal-to-indo-pacific-security/,ArticlePage,remove former only
False,topic_replacement,Investment Treaties as Catalysts for Technology Transfer in Africa,https://www.cigionline.org/publications/investment-treaties-as-catalysts-for-technology-transfer-in-africa/,PublicationPage,add latter and remove former
False,topic_replacement,It’s tempting to blame Trump for all the world’s problems. Here’s why we shouldn’t,https://www.cigionline.org/articles/its-tempting-to-blame-trump-for-all-the-worlds-problems-heres-why-we-shouldnt/,ArticlePage,remove former only
False,topic_replacement,Mexico’s New President: A Dilemma for the IMF and a Risk for Latin America,https://www.cigionline.org/articles/mexicos-new-president-a-dilemma-for-the-imf-and-a-risk-for-latin-america/,ArticlePage,remove former only
False,topic_replacement,On Giving Trump What Trump Wants,https://www.cigionline.org/articles/on-giving-trump-what-trump-wants/,ArticlePage,remove former only
False,topic_replacement,Ordinary People Rule (finding a path to true democracy with James Bacchus),https://www.cigionline.org/pp/ordinary-people-rule-finding-a-path-to-true-democracy-with-james-bacchus/,MultimediaPage,add latter and remove former
False,topic_replacement,"Our Defence Minister on threats, bigger budgets, and Canada's new relationship with the U.S.",https://www.cigionline.org/articles/our-defence-minister-on-threats-bigger-budgets-and-canadas-new-relationship-with-the-us/,ArticlePage,remove former only
False,topic_replacement,Parliamentary Symposium: The Future of Middle Powers After the Rupture: Perspectives from Canada and Beyond,https://www.cigionline.org/events/parliamentary-symposium-the-future-of-middle-powers-after-the-rupture-perspectives-from-canada-and-beyond/,EventPage,add latter and remove former
False,topic_replacement,Philanthropy’s Urgent Opportunity to Create the Interim International AI Institution,https://www.cigionline.org/publications/philanthropys-urgent-opportunity-to-create-the-interim-international-ai-institution/,PublicationPage,add latter and remove former
False,topic_replacement,Poor Cybersecurity at Frontier AI Labs Could Disincentivize Arms Racing,https://www.cigionline.org/publications/poor-cybersecurity-at-frontier-ai-labs-could-disincentivize-arms-racing/,PublicationPage,remove former only
False,topic_replacement,Principles for Quantum Governance: Kananaskis and Beyond,https://www.cigionline.org/publications/principles-for-quantum-governance-kananaskis-and-beyond/,PublicationPage,add latter and remove former
False,topic_replacement,Rebalancing Canada-Africa Relations Toward True Partnership,https://www.cigionline.org/articles/rebalancing-canada-africa-relations-toward-true-partnership/,ArticlePage,add latter and remove former
False,topic_replacement,Rebalancing Canadian Trade: Why ASEAN Matters More Than Ever,https://www.cigionline.org/articles/rebalancing-canadian-trade-why-asean-matters-more-than-ever/,ArticlePage,remove former only
False,topic_replacement,Rebuilding the International Order through US-China Rapprochement,https://www.cigionline.org/articles/rebuilding-the-international-order-through-us-china-rapprochement/,ArticlePage,remove former only
False,topic_replacement,Rebuilding the International Order Through US-China Rapprochement,https://www.cigionline.org/articles/rebuilding-the-globall-order-through-us-china-rapprochement/,ArticlePage,add latter and remove former
False,topic_replacement,Reshaping Global Order: Xiangshan Forum Signals China’s Growing Soft Power,https://www.cigionline.org/articles/reshaping-global-order-xiangshan-forum-signals-chinas-growing-soft-power/,ArticlePage,remove former only
False,topic_replacement,Rethinking Global Value Chains: Opportunities for Canada and India,https://www.cigionline.org/multimedia/rethinking-global-value-chains-opportunities-for-canada-and-india/,MultimediaPage,add latter and remove former
False,topic_replacement,Scenarios of Evolving Global Order,https://www.cigionline.org/publications/scenarios-of-evolving-global-order/,PublicationPage,remove former only
False,topic_replacement,"Should Canada Lead a Global Middle Power Trade, Security and Digital Alliance?",https://www.cigionline.org/articles/should-canada-lead-a-global-middle-power-trade-security-and-digital-alliance/,ArticlePage,remove former only
False,topic_replacement,"Space Citizen: The Gap Between You, Me and the Governance of Space",https://www.cigionline.org/publications/space-citizen-the-gap-between-you-me-and-the-governance-of-space/,PublicationPage,add latter and remove former
False,topic_replacement,Space Security in Geneva: Between Constraint and Convergence,https://www.cigionline.org/articles/space-security-in-geneva-between-constraint-and-convergence/,ArticlePage,remove former only
False,topic_replacement,Standards as a Basis for the Global Governance of AI in Research,https://www.cigionline.org/publications/standards-as-a-basis-for-the-global-governance-of-ai-in-research/,PublicationPage,add latter and remove former
False,topic_replacement,Technology Policy and Diplomacy: The Indian Experience,https://www.cigionline.org/publications/technology-policy-and-diplomacy-the-indian-experience/,PublicationPage,remove former only
False,topic_replacement,The Case for South Korea’s Inclusion in the G7,https://www.cigionline.org/articles/the-case-for-south-koreas-inclusion-in-the-g7/,ArticlePage,remove former only
False,topic_replacement,"The Orwellian Trap for Services in ""Reciprocal"" Trade Deals",https://www.cigionline.org/articles/the-orwellian-trap-for-services-in-reciprocal-trade-deals/,ArticlePage,add latter and remove former
False,topic_replacement,The Paralympics Are a Unique Manifestation of Global Cooperation,https://www.cigionline.org/articles/the-paralympics-are-a-unique-manifestation-of-global-cooperation/,ArticlePage,remove former only
False,topic_replacement,The Quadripolar World: Understanding Twenty-First-Century Geopolitics,https://www.cigionline.org/publications/the-quadripolar-world-understanding-twenty-first-century-geopolitics/,PublicationPage,remove former only
False,topic_replacement,The Risk of AI Overcapacity Is Real and Growing,https://www.cigionline.org/articles/the-risk-of-ai-overcapacity-is-real-and-growing/,ArticlePage,add latter and remove former
False,topic_replacement,"Trump's Dilemma: Why US Wants India To Be Strong, But Not Too Strong",https://www.cigionline.org/articles/trumps-dilemma-why-us-wants-india-to-be-strong-but-not-too-strong/,ArticlePage,remove former only
False,topic_replacement,Trump’s Return Puts the International Order in Peril,https://www.cigionline.org/articles/trumps-return-puts-the-international-order-in-peril/,ArticlePage,remove former only
False,topic_replacement,"“Trust, but Verify”: How Reagan’s Maxim Can Inform International AI Governance",https://www.cigionline.org/articles/trust-but-verify-how-reagans-maxim-can-inform-international-ai-governance/,ArticlePage,add latter and remove former
False,topic_replacement,Two Tigers in the Forest: India and China,https://www.cigionline.org/articles/two-tigers-in-the-forest-india-and-china/,ArticlePage,remove former only
False,topic_replacement,We can’t blame all global trade chaos on Trump,https://www.cigionline.org/articles/we-cant-blame-all-global-trade-chaos-on-trump-/,ArticlePage,add latter and remove former
False,topic_replacement,We Need a Global AI Strategy: What Role for Canada?,https://www.cigionline.org/articles/we-need-a-global-ai-strategy-what-role-for-canada/,ArticlePage,add latter and remove former
False,topic_replacement,What Should Be the Focus at the 2026 IMF-World Bank Spring Meetings?,https://www.cigionline.org/articles/what-should-be-the-focus-at-the-2026-imf-world-bank-spring-meetings/,ArticlePage,add latter and remove former
False,topic_replacement,Why American Primacy Is Ending — and What Comes Next,https://www.cigionline.org/articles/why-american-primacy-is-ending-and-what-comes-next/,ArticlePage,remove former only
False,topic_replacement,"With Trump Reclaiming Power, Climate Hopes Turn to China",https://www.cigionline.org/articles/with-trump-reclaiming-power-climate-hopes-turn-to-china/,ArticlePage,remove former only
False,topic_replacement,WTO Reform Should Start by Enhancing Transparency,https://www.cigionline.org/articles/wto-reform-should-start-by-enhancing-transparency/,ArticlePage,add latter and remove former
False,topic_replacement, Book Launch: Financial Volatility’s Challenge to Global Governance,https://www.cigionline.org/events/book-launch-financial-volatilitys-challenge-global-governance/,EventPage,add latter and remove former
False,topic_replacement, G20 : compromis de façade sur le commerce ,https://www.cigionline.org/articles/g20-compromis-de-facade-sur-le-commerce/,ArticlePage,add latter and remove former
False,topic_replacement, Midweek podcast: A 'totally unprecedented' G20,https://www.cigionline.org/articles/midweek-podcast-totally-unprecedented-g20/,ArticlePage,add latter and remove former
False,topic_replacement, Mnuchin Said to Focus on Currencies as G-20 Girds for Trump Era,https://www.cigionline.org/articles/mnuchin-said-focus-currencies-g-20-girds-trump-era/,ArticlePage,add latter and remove former
False,topic_replacement," The G20 disappoints again, but is that because expectations are too high?",https://www.cigionline.org/articles/g20-disappoints-again-because-expectations-are-too-high/,ArticlePage,add latter and remove former
False,topic_replacement, Trump-Merkel divide threatens to make G20 summit a 'failure',https://www.cigionline.org/articles/trump-merkel-divide-threatens-make-g20-summit-failure/,ArticlePage,add latter and remove former
False,topic_replacement,'Face like thunder': how the mood turned sour at Trump's first G20,https://www.cigionline.org/articles/face-thunder-how-mood-turned-sour-trumps-first-g20/,ArticlePage,add latter and remove former
False,topic_replacement,"""CIGI Fireside Chat"" with Finance Canada",https://www.cigionline.org/events/cigi-fireside-chat-finance-canada/,EventPage,add latter and remove former
False,topic_replacement,2023: The Year in Review,https://www.cigionline.org/articles/2023-the-year-in-review/,ArticlePage,add latter and remove former
False,topic_replacement,A Case for Disagreement at the G7,https://www.cigionline.org/articles/case-disagreement-g7/,ArticlePage,add latter and remove former
False,topic_replacement,A G20 Infrastructure Investment Program to Strengthen Global Productivity and Output Growth,https://www.cigionline.org/publications/g20-infrastructure-investment-program-strengthen-global-productivity-and-output-growth/,PublicationPage,add latter and remove former
False,topic_replacement,A Map for Strengthening the G20 Mutual Assessment Process ,https://www.cigionline.org/publications/map-strengthening-g20-mutual-assessment-process/,PublicationPage,add latter and remove former
False,topic_replacement,A modest G8 raises the stakes for the crucial Los Cabos G20 ,https://www.cigionline.org/articles/modest-g8-raises-stakes-crucial-los-cabos-g20/,ArticlePage,add latter and remove former
False,topic_replacement,A New Club of G7 Leaders Try Getting to Know Trump,https://www.cigionline.org/articles/new-club-g7-leaders-try-getting-know-trump/,ArticlePage,add latter and remove former
False,topic_replacement,A New Mission for the Group of Seven,https://www.cigionline.org/articles/new-mission-group-seven/,ArticlePage,add latter and remove former
False,topic_replacement,A New Tax Regime for Big Tech,https://www.cigionline.org/articles/new-tax-regime-big-tech/,ArticlePage,add latter and remove former
False,topic_replacement,"A Sustainable Ocean Economy, Innovation and Growth: A G20 Initiative",https://www.cigionline.org/publications/sustainable-ocean-economy-innovation-and-growth-g20-initiative/,PublicationPage,add latter and remove former
False,topic_replacement,A US$24b summit about a staircase: lessons for Germany and the 2017 G20 leaders,https://www.cigionline.org/articles/us24b-summit-about-staircase-lessons-germany-and-2017-g20-leaders/,ArticlePage,add latter and remove former
False,topic_replacement,A-summiting we will go,https://www.cigionline.org/articles/summiting-we-will-go/,ArticlePage,add latter and remove former
False,topic_replacement,"After 20 Years, Paul Martin’s Legacy Still Serves the Global Economy",https://www.cigionline.org/articles/after-twenty-years-paul-martins-legacy-still-serves-global-economy/,ArticlePage,add latter and remove former
False,topic_replacement,"After stumble, Canada's Trudeau glides through first world trip",https://www.cigionline.org/articles/after-stumble-canadas-trudeau-glides-through-first-world-trip/,ArticlePage,add latter and remove former
False,topic_replacement,Agenda of the German G20 Presidency,https://www.cigionline.org/events/agenda-german-g20-presidency/,EventPage,add latter and remove former
False,topic_replacement,AI-Driven Productivity Scenarios,https://www.cigionline.org/publications/ai-driven-productivity-scenarios/,PublicationPage,add latter and remove former
False,topic_replacement,America’s Global Dominance Is Ending: What Comes Next?,https://www.cigionline.org/articles/americas-global-dominance-is-ending-what-comes-next/,ArticlePage,add latter and remove former
False,topic_replacement,"Amid global uncertainty, Trudeau has rare G20 leadership opportunity",https://www.cigionline.org/articles/amid-global-uncertainty-trudeau-has-rare-g20-leadership-opportunity-0/,ArticlePage,add latter and remove former
False,topic_replacement,Angela Merkel's Worrisome Exit from the Global Stage,https://www.cigionline.org/articles/angela-merkels-worrisome-exit-global-stage/,ArticlePage,add latter and remove former
False,topic_replacement,"As Canada Kicks Off Its G7 Presidency, Here's What to Expect",https://www.cigionline.org/articles/canada-kicks-its-g7-presidency-heres-what-expect/,ArticlePage,add latter and remove former
False,topic_replacement,"As Moderates Lose Ground, G20 Leaders Need to Restore Relations Between Everyday People, Trade",https://www.cigionline.org/articles/moderates-lose-ground-g20-leaders-need-restore-relations-between-everyday-people-trade/,ArticlePage,add latter and remove former
False,topic_replacement,Bali Meetings Show G20’s Value and Reveal Its Tensions,https://www.cigionline.org/articles/bali-meetings-show-g20s-value-and-reveal-its-tensions/,ArticlePage,add latter and remove former
False,topic_replacement,Barry Carin's Farewell Remarks,https://www.cigionline.org/articles/barry-carins-farewell-remarks/,ArticlePage,add latter and remove former
False,topic_replacement,Bernes: U.S. Will be Isolated Among G-20,https://www.cigionline.org/articles/bernes-us-will-be-isolated-among-g-20/,ArticlePage,add latter and remove former
False,topic_replacement,Big Data Will Be the Basis for the New World Order,https://www.cigionline.org/articles/big-data-will-be-basis-new-world-order/,ArticlePage,add latter and remove former
False,topic_replacement,"Blockchains and the G20: Building an Inclusive, Transparent and Accountable Digital Economy",https://www.cigionline.org/publications/blockchains-and-g20-building-inclusive-transparent-and-accountable-digital-economy/,PublicationPage,add latter and remove former
False,topic_replacement,Brisbane G20 Media Zone,https://www.cigionline.org/multimedia/brisbane-g20-media-zone/,MultimediaPage,add latter and remove former
False,topic_replacement,Building Confidence through Trade and the Start of Economic Summitry,https://www.cigionline.org/articles/building-confidence-through-trade-and-the-start-of-economic-summitry/,ArticlePage,add latter and remove former
False,topic_replacement,Business leaders meeting in China propose global e-commerce platform to benefit smaller firms,https://www.cigionline.org/articles/business-leaders-meeting-china-propose-global-e-commerce-platform-benefit-smaller-firms/,ArticlePage,add latter and remove former
False,topic_replacement,Can Canada Brave the Storm Ahead? The IMF Meetings Will Tell,https://www.cigionline.org/articles/can-canada-brave-storm-ahead-imf-meetings-will-tell/,ArticlePage,add latter and remove former
False,topic_replacement,Can Canada Step into the Breach? Addressing Climate-related Financial Risk and Growing Green Finance,https://www.cigionline.org/publications/can-canada-step-breach-addressing-climate-related-financial-risk-and-growing-green/,PublicationPage,add latter and remove former
False,topic_replacement,Can G7 Stay Relevant In Multipolar World?,https://www.cigionline.org/articles/can-g7-stay-relevant-in-multipolar-world/,ArticlePage,add latter and remove former
False,topic_replacement,Can the G20 Mend the World’s Geopolitical Fractures?,https://www.cigionline.org/articles/can-the-g20-mend-the-worlds-geopolitical-fractures/,ArticlePage,add latter and remove former
False,topic_replacement,Can the G20 Save Globalization's Waning Reputation?,https://www.cigionline.org/articles/can-g20-save-globalizations-waning-reputation/,ArticlePage,add latter and remove former
False,topic_replacement,Can the International Financial System be Saved? | Inside the Issues 5.15,https://www.cigionline.org/multimedia/can-international-financial-system-be-saved-inside-issues-515/,MultimediaPage,remove former only
False,topic_replacement,Can We Rebuild Global Governance in Marrakesh?,https://www.cigionline.org/articles/can-we-rebuild-global-governance-in-marrakesh/,ArticlePage,remove former only
False,topic_replacement,Canada hoping at least 19 of the G20 leaders sign climate statement: McKenna,https://www.cigionline.org/articles/canada-hoping-least-19-g20-leaders-sign-climate-statement-mckenna/,ArticlePage,add latter and remove former
False,topic_replacement,Canada Must Guard Against China’s Economic Aggression — Or Risk Its Place in the New Global Order,https://www.cigionline.org/articles/canada-must-guard-against-chinas-economic-aggression-or-risk-its-place-in-the-new-global-order/,ArticlePage,add latter and remove former
False,topic_replacement,Canada’s Fight against Coal Might Be Part of a Larger Battle,https://www.cigionline.org/articles/canadas-fight-against-coal-might-be-part-larger-battle/,ArticlePage,add latter and remove former
False,topic_replacement,Central Bankers Must Look Beyond the Status Quo,https://www.cigionline.org/articles/central-bankers-must-look-beyond-status-quo/,ArticlePage,add latter and remove former
False,topic_replacement,Challenges and Opportunities for the French Presidency: The G20 — 2011 and Beyond,https://www.cigionline.org/publications/challenges-and-opportunities-french-presidency-g20-2011-and-beyond/,PublicationPage,add latter and remove former
False,topic_replacement,Changing Global Financial Governance: International Financial Standards and Emerging Economies since the Global Financial Crisis,https://www.cigionline.org/publications/changing-global-financial-governance-international-financial-standards-and-emerging/,PublicationPage,add latter and remove former
False,topic_replacement,China and Global Energy Governance under the G20 Framework,https://www.cigionline.org/publications/china-and-global-energy-governance-under-g20-framework/,PublicationPage,add latter and remove former
False,topic_replacement,China and the G20 | 中国与二十国集团 (G20),https://www.cigionline.org/multimedia/china-and-g20-zhongguoyuershiguojituan-g20/,MultimediaPage,add latter and remove former
False,topic_replacement,"China should rely more on G20 relations, clean sources for energy security, CIGI expert recommends",https://www.cigionline.org/articles/china-should-rely-more-g20-relations-clean-sources-energy-security-cigi-expert-recommends/,ArticlePage,add latter and remove former
False,topic_replacement,"China's Goals in the G20: Expectation, Strategy and Agenda",https://www.cigionline.org/publications/chinas-goals-g20-expectation-strategy-and-agenda/,PublicationPage,add latter and remove former
False,topic_replacement,China's Role in G20 Governance: Towards the 2016 Summit in China,https://www.cigionline.org/events/chinas-role-g20-governance-towards-2016-summit-china/,EventPage,add latter and remove former
False,topic_replacement,CIGI at Global Solutions for G20: Think 20 Summit,https://www.cigionline.org/events/cigi-global-solutions-g20-think-20-summit/,EventPage,add latter and remove former
False,topic_replacement,CIGI at IMF: Germany is Isolated on International Economic Policy — and it Doesn’t Care,https://www.cigionline.org/articles/cigi-imf-germany-isolated-international-economic-policy-and-it-doesnt-care/,ArticlePage,add latter and remove former
False,topic_replacement,CIGI makes recommendations for protecting the digital economy ahead of G20 meeting,https://www.cigionline.org/articles/cigi-makes-recommendations-protecting-digital-economy-ahead-g20-meeting/,ArticlePage,add latter and remove former
False,topic_replacement,CIGI'11 — An Unfinished House: Filling the Gaps in Global Governance,https://www.cigionline.org/publications/cigi11-unfinished-house-filling-gaps-global-governance/,PublicationPage,add latter and remove former
False,topic_replacement,Completing the G20's Program to Reform Global Financial Regulation,https://www.cigionline.org/publications/completing-g20s-program-reform-global-financial-regulation/,PublicationPage,add latter and remove former
False,topic_replacement,Conference on China’s Presidency of the G20 - The Council on Foreign Relations,https://www.cigionline.org/events/conference-chinas-presidency-g20-council-foreign-relations/,EventPage,add latter and remove former
False,topic_replacement,Constructive Powers Initiative: Managing Regional and Global Security,https://www.cigionline.org/publications/constructive-powers-initiative-managing-regional-and-global-security/,PublicationPage,add latter and remove former
False,topic_replacement,"Cornwall G7: Abundant Promises, Limited Actions",https://www.cigionline.org/articles/cornwall-g7-abundant-promises-limited-actions/,ArticlePage,add latter and remove former
False,topic_replacement,COVID-19 and the Power of Comprehensive Governance,https://www.cigionline.org/articles/covid-19-and-power-comprehensive-governance/,ArticlePage,add latter and remove former
False,topic_replacement,COVID-19: The Failure of G20,https://www.cigionline.org/articles/covid-19-failure-g20/,ArticlePage,add latter and remove former
False,topic_replacement,Cross-border Resolution of Financial Firms,https://www.cigionline.org/publications/cross-border-resolution-financial-firms/,PublicationPage,add latter and remove former
False,topic_replacement,Cryptocurrencies Are Top of Mind for G20 Finance Ministers,https://www.cigionline.org/articles/cryptocurrencies-are-top-mind-g20-finance-ministers/,ArticlePage,add latter and remove former
False,topic_replacement,Currency Wars Will Test the Global Economy’s Resilience,https://www.cigionline.org/articles/currency-wars-will-test-global-economys-resilience/,ArticlePage,add latter and remove former
False,topic_replacement,Debate on the Global Economy: The Road to G20,https://www.cigionline.org/multimedia/debate-global-economy-road-g20/,MultimediaPage,add latter and remove former
False,topic_replacement,Designing Institutional Collaboration into Global Governance,https://www.cigionline.org/publications/designing-institutional-collaboration-into-global-governance/,PublicationPage,add latter and remove former
False,topic_replacement,"Despite Calls for Action, G20 Yields Little More Than Talk",https://www.cigionline.org/articles/despite-calls-action-g20-yields-little-more-talk/,ArticlePage,add latter and remove former
False,topic_replacement,Developing Countries and the WTO Agriculture Negotiations,https://www.cigionline.org/publications/developing-countries-and-wto-agriculture-negotiations/,PublicationPage,add latter and remove former
False,topic_replacement,Division at G20 Summit,https://www.cigionline.org/articles/division-g20-summit/,ArticlePage,add latter and remove former
False,topic_replacement,Does Trump’s absence diminish the impact of the G20 summit in South Africa?,https://www.cigionline.org/articles/does-trumps-absence-diminish-the-impact-of-the-g20-summit-in-south-africa/,ArticlePage,add latter and remove former
False,topic_replacement,Donald Trump's meeting with Vladimir Putin lasts more than 2 hours after being scheduled for 30 minutes,https://www.cigionline.org/articles/donald-trumps-meeting-vladimir-putin-lasts-more-2-hours-after-being-scheduled-30-minutes/,ArticlePage,add latter and remove former
False,topic_replacement,"Dünya liderlerinin gündemi ""pastayı büyütmek""",https://www.cigionline.org/articles/dunya-liderlerinin-gundemi-pastayi-buyutmek/,ArticlePage,add latter and remove former
False,topic_replacement,Early Entry into Force of the Paris Climate Agreement: G20 Leaders and Laggards,https://www.cigionline.org/articles/early-entry-force-paris-climate-agreement-g20-leaders-and-laggards/,ArticlePage,add latter and remove former
False,topic_replacement,Economic Models and Growth Trajectories of BRICS+ and G7: A Comparison,https://www.cigionline.org/publications/economic-models-and-growth-trajectories-of-brics-and-g7-a-comparison/,PublicationPage,add latter and remove former
False,topic_replacement,Energy in the G20 Finance Track: G20 Energy Transformation during the German Presidency,https://www.cigionline.org/publications/energy-g20-finance-track-g20-energy-transformation-during-german-presidency/,PublicationPage,add latter and remove former
False,topic_replacement,Europe in Mexico,https://www.cigionline.org/articles/europe-mexico/,ArticlePage,add latter and remove former
False,topic_replacement,Expert from Canadian Think-Tank: G20 Summit is the perfect platform for China advocates its ideas on global economic governance,https://www.cigionline.org/articles/expert-canadian-think-tank-g20-summit-perfect-platform-china-advocates-its-ideas-global/,ArticlePage,add latter and remove former
False,topic_replacement,Expert from CIGI Canada: The world expects Hangzhou Summit to lead the global economy out of its slump,https://www.cigionline.org/articles/expert-cigi-canada-world-expects-hangzhou-summit-lead-global-economy-out-its-slump/,ArticlePage,add latter and remove former
False,topic_replacement,Five Reasons Why We Shouldn’t Write Off the G20 Summit,https://www.cigionline.org/articles/five-reasons-why-we-shouldnt-write-g20-summit/,ArticlePage,add latter and remove former
False,topic_replacement,Five Things on the Agenda of G20 Leaders in Hamburg,https://www.cigionline.org/articles/five-things-agenda-g20-leaders-hamburg/,ArticlePage,add latter and remove former
False,topic_replacement,Fluctuations in Uncertainty and R&D Investment,https://www.cigionline.org/publications/fluctuations-uncertainty-and-rd-investment/,PublicationPage,add latter and remove former
False,topic_replacement,Following the Dragon’s Footprints: CIGI releases new book on China & the G20,https://www.cigionline.org/articles/following-dragons-footprints-cigi-releases-new-book-china-g20/,ArticlePage,add latter and remove former
False,topic_replacement,"For a US-led Multilateral Order to Survive, America Must Lead by Example",https://www.cigionline.org/articles/for-a-us-led-multilateral-order-to-survive-america-must-lead-by-example/,ArticlePage,add latter and remove former
False,topic_replacement,For the Agenda of the German G20 Presidency: A Global Sovereign Debt Restructuring Regime,https://www.cigionline.org/publications/agenda-german-g20-presidency-global-sovereign-debt-restructuring-regime/,PublicationPage,add latter and remove former
False,topic_replacement,Forged in Crisis: An Inside Look at the G20’s History,https://www.cigionline.org/multimedia/forged-crisis-inside-look-g20s-history/,MultimediaPage,add latter and remove former
False,topic_replacement,Fork in the Road for the G7,https://www.cigionline.org/articles/fork-in-the-road-for-the-g7/,ArticlePage,add latter and remove former
False,topic_replacement,Four Rules of the New Normal,https://www.cigionline.org/articles/four-rules-new-normal/,ArticlePage,add latter and remove former
False,topic_replacement,From London to L’Aquila: Building a Bridge between the G20 and the G8,https://www.cigionline.org/publications/london-laquila-building-bridge-between-g20-and-g8/,PublicationPage,add latter and remove former
False,topic_replacement,From MAGA to MTGA: How Trump’s Foreign Policy Became About Making Trump Great Again,https://www.cigionline.org/articles/from-maga-to-mtga-how-trumps-foreign-policy-became-about-making-trump-great-again/,ArticlePage,add latter and remove former
False,topic_replacement,From Pax Americana to Pax “Multipolaris”: The Rise of a Fragmented Global Order,https://www.cigionline.org/articles/from-pax-americana-to-pax-multipolaris-the-rise-of-a-fragmented-global-order/,ArticlePage,add latter and remove former
False,topic_replacement,G-20 Faces Dwindling Capacity to Spur Souring Global Growth,https://www.cigionline.org/articles/g-20-faces-dwindling-capacity-spur-souring-global-growth-0/,ArticlePage,add latter and remove former
False,topic_replacement,G-20 Outcome Shows Trump’s America Is Going Its Own Way,https://www.cigionline.org/articles/g-20-outcome-shows-trumps-america-going-its-own-way/,ArticlePage,add latter and remove former
False,topic_replacement,G-20 Talks Drag as U.S. Runs Into Resistance on Trade Language,https://www.cigionline.org/articles/g-20-talks-drag-us-runs-resistance-trade-language/,ArticlePage,add latter and remove former
False,topic_replacement,G19 + 1: Division among G20 leaders and what comes next,https://www.cigionline.org/articles/g19-1-division-among-g20-leaders-and-what-comes-next/,ArticlePage,add latter and remove former
False,topic_replacement,G20 - The Top Table,https://www.cigionline.org/multimedia/g20-top-table/,MultimediaPage,add latter and remove former
False,topic_replacement,G20 Communiqué Reaction: Litmus Test is in Implementation,https://www.cigionline.org/multimedia/g20-communique-reaction-litmus-test-implementation/,MultimediaPage,add latter and remove former
False,topic_replacement,G20 has opportunity to go forward without U.S. on trade,https://www.cigionline.org/articles/g20-has-opportunity-go-forward-without-us-trade/,ArticlePage,add latter and remove former
False,topic_replacement,G20 in the Time of COVID-19: What’s at Stake in 2021?,https://www.cigionline.org/events/g20-time-covid-19-whats-stake-2021/,EventPage,add latter and remove former
False,topic_replacement,G20 leaders agree to co-operate on tackling terror financing,https://www.cigionline.org/articles/g20-leaders-agree-co-operate-tackling-terror-financing/,ArticlePage,add latter and remove former
False,topic_replacement,G20 leaders look to halt funds to terror groups,https://www.cigionline.org/articles/g20-leaders-look-halt-funds-terror-groups/,ArticlePage,add latter and remove former
False,topic_replacement,G20 ministers give Mnuchin space to define Trump trade agenda,https://www.cigionline.org/articles/g20-ministers-give-mnuchin-space-define-trump-trade-agenda/,ArticlePage,add latter and remove former
False,topic_replacement,G20 summit ends with Trump at odds over climate change,https://www.cigionline.org/articles/g20-summit-ends-trump-odds-over-climate-change/,ArticlePage,add latter and remove former
False,topic_replacement,"G20 Summit in China to Focus on Economy, Backstage on Political Talks  ",https://www.cigionline.org/articles/g20-summit-china-focus-economy-backstage-political-talks/,ArticlePage,add latter and remove former
False,topic_replacement,G20 summit marks Justin Trudeau’s debut on world stage,https://www.cigionline.org/articles/g20-summit-marks-justin-trudeaus-debut-world-stage/,ArticlePage,add latter and remove former
False,topic_replacement,G20 summit: Bridging Trump and climate change through infrastructure,https://www.cigionline.org/articles/g20-summit-bridging-trump-and-climate-change-through-infrastructure/,ArticlePage,add latter and remove former
False,topic_replacement,G20 Summitry | Inside the Issues 5.14,https://www.cigionline.org/multimedia/g20-summitry-inside-issues-514/,MultimediaPage,add latter and remove former
False,topic_replacement,G20 Surrender Changes Everything,https://www.cigionline.org/articles/g20-surrender-changes-everything/,ArticlePage,add latter and remove former
False,topic_replacement,G20 to focus on climate change despite Trump's resistance,https://www.cigionline.org/articles/g20-focus-climate-change-despite-trumps-resistance/,ArticlePage,add latter and remove former
False,topic_replacement,"G20: Compromise on climate change, but at what cost?",https://www.cigionline.org/articles/g20-compromise-climate-change-what-cost/,ArticlePage,add latter and remove former
False,topic_replacement,G20: Exclusive interview with Tom Bernes,https://www.cigionline.org/articles/g20-exclusive-interview-tom-bernes/,ArticlePage,add latter and remove former
False,topic_replacement,G20: Nations must take terrorism fight as top priority,https://www.cigionline.org/articles/g20-nations-must-take-terrorism-fight-top-priority/,ArticlePage,add latter and remove former
False,topic_replacement,G20: Time to end the circus,https://www.cigionline.org/articles/g20-time-end-circus/,ArticlePage,add latter and remove former
False,topic_replacement,G7 Must Calmly Confront the Madness of King Donald,https://www.cigionline.org/articles/g7-must-calmly-confront-madness-king-donald/,ArticlePage,add latter and remove former
False,topic_replacement,G7 Proves Stronger than G20 in Resisting Trump Grip,https://www.cigionline.org/articles/g7-proves-stronger-g20-resisting-trump-grip/,ArticlePage,add latter and remove former
False,topic_replacement,"G7 Should Act as Stabilizer and Reformer to Reshape International Order, Urges T7 Report",https://www.cigionline.org/articles/g7-should-act-as-stabilizer-and-reformer-to-reshape-international-order-urges-t7-report/,ArticlePage,add latter and remove former
False,topic_replacement,G7 to G8 to G20: Evolution in Global Governance,https://www.cigionline.org/publications/g7-g8-g20-evolution-global-governance/,PublicationPage,add latter and remove former
False,topic_replacement,Geopolitical Chaos Is the New Normal,https://www.cigionline.org/articles/geopolitical-chaos-new-normal/,ArticlePage,add latter and remove former
False,topic_replacement,Germany pushes development for upcoming G20 summit,https://www.cigionline.org/articles/germany-pushes-development-upcoming-g20-summit/,ArticlePage,add latter and remove former
False,topic_replacement,Germany Takes on G-20 Growth Challenges With Dive Into Detail,https://www.cigionline.org/articles/germany-takes-g-20-growth-challenges-dive-detail/,ArticlePage,add latter and remove former
False,topic_replacement,Global Financial Governance Confronts the Rising Powers: Emerging Perspectives on the New G20,https://www.cigionline.org/publications/global-financial-governance-confronts-rising-powers-emerging-perspectives-new-g20/,PublicationPage,add latter and remove former
False,topic_replacement,Global Perspectives: G20 Leaders Summit,https://www.cigionline.org/articles/global-perspectives-g20-leaders-summit/,ArticlePage,add latter and remove former
False,topic_replacement,"Global Policy Expert Paul Samson at G7 Summit, Available for Expert Commentary",https://www.cigionline.org/articles/global-policy-expert-paul-samson-at-g7-summit-available-for-expert-commentary/,ArticlePage,add latter and remove former
False,topic_replacement,Global Risks and G20 Opportunity,https://www.cigionline.org/articles/global-risks-and-g20-opportunity/,ArticlePage,add latter and remove former
False,topic_replacement,Global Think Tank Town Hall  ,https://www.cigionline.org/events/global-think-tank-town-hall/,EventPage,add latter and remove former
False,topic_replacement,Greek Elections and the G20,https://www.cigionline.org/articles/greek-elections-and-g20/,ArticlePage,add latter and remove former
False,topic_replacement,Green Shift to Sustainability: Co-benefits and Impacts of Energy Transformation,https://www.cigionline.org/publications/green-shift-sustainability-co-benefits-and-impacts-energy-transformation/,PublicationPage,add latter and remove former
False,topic_replacement,"Hangzhou G20 summit: Big on spectacle, low on substance",https://www.cigionline.org/articles/hangzhou-g20-summit-big-spectacle-low-substance/,ArticlePage,add latter and remove former
False,topic_replacement,How a Hyperpower Handles Trade,https://www.cigionline.org/articles/how-hyperpower-handles-trade/,ArticlePage,add latter and remove former
False,topic_replacement,How Are Key 21st Century Powers Arranging Themselves?,https://www.cigionline.org/publications/how-are-key-21st-century-powers-arranging-themselves/,PublicationPage,add latter and remove former
False,topic_replacement,How Artificial Intelligence Is Reshaping Global Power and Canadian Foreign Policy,https://www.cigionline.org/articles/how-artificial-intelligence-reshaping-global-power-and-canadian-foreign-policy/,ArticlePage,add latter and remove former
False,topic_replacement,How Canada Can Advance International AI Governance at the G7,https://www.cigionline.org/articles/how-canada-can-advance-international-ai-governance-at-the-g7/,ArticlePage,add latter and remove former
False,topic_replacement,How emerging markets ‘punched above their weight’,https://www.cigionline.org/articles/how-emerging-markets-punched-above-their-weight/,ArticlePage,add latter and remove former
False,topic_replacement,How regional tensions stole China’s spotlight at G20,https://www.cigionline.org/articles/how-regional-tensions-stole-chinas-spotlight-g20/,ArticlePage,add latter and remove former
False,topic_replacement,How Should Canada Respond to US Trade Policy?,https://www.cigionline.org/articles/how-should-canada-respond-us-trade-policy/,ArticlePage,add latter and remove former
False,topic_replacement,How the G20 Can Lead Us to a Low-Carbon Economy,https://www.cigionline.org/multimedia/how-g20-can-lead-us-low-carbon-economy/,MultimediaPage,add latter and remove former
False,topic_replacement,How the G20 Can Stimulate Innovation,https://www.cigionline.org/articles/how-g20-can-stimulate-innovation/,ArticlePage,add latter and remove former
False,topic_replacement,How the G20 could help fight the Trumps of the world in immigration,https://www.cigionline.org/articles/how-g20-could-help-fight-trumps-world-immigration/,ArticlePage,add latter and remove former
False,topic_replacement,How the Paris attacks affect Canada,https://www.cigionline.org/articles/how-paris-attacks-affect-canada/,ArticlePage,add latter and remove former
False,topic_replacement,How Trudeau Should Navigate Trade in the Trump Tirade Era,https://www.cigionline.org/articles/how-trudeau-should-navigate-trade-trump-tirade-era/,ArticlePage,add latter and remove former
False,topic_replacement,How Will Political Changes Shape the 2025 NATO Summit?,https://www.cigionline.org/articles/how-will-political-changes-shape-the-2025-nato-summit/,ArticlePage,remove former only
False,topic_replacement,Hurry up and wait at G20 summit,https://www.cigionline.org/articles/hurry-and-wait-g20-summit/,ArticlePage,add latter and remove former
False,topic_replacement,"If History Is Repeating Itself, What Comes Next?",https://www.cigionline.org/articles/if-history-repeating-itself-what-comes-next/,ArticlePage,add latter and remove former
False,topic_replacement,Imagining a Post-COVID-19 Scenario for a Renewed Bretton Woods Agreement,https://www.cigionline.org/articles/imagining-post-covid-19-scenario-renewed-bretton-woods-agreement/,ArticlePage,remove former only
False,topic_replacement,"In a Factionalized World, Could COVID-19 Inspire Global Cooperation?",https://www.cigionline.org/articles/factionalized-world-could-covid-19-inspire-global-cooperation/,ArticlePage,add latter and remove former
False,topic_replacement,"In an Evolving Economy, the G7 Must Evolve Too",https://www.cigionline.org/articles/evolving-economy-g7-must-evolve-too/,ArticlePage,add latter and remove former
False,topic_replacement,Institute for International Finance Eighth Annual G20 Conference: The Chinese Agenda,https://www.cigionline.org/events/institute-international-finance-iif-8th-annual-g20-conference-chinese-agenda/,EventPage,add latter and remove former
False,topic_replacement,International Economic Experts Available for G20 Summit Analysis,https://www.cigionline.org/articles/international-economic-experts-available-g20-summit-analysis-0/,ArticlePage,add latter and remove former
False,topic_replacement,Issues in Bringing Canadian Fintech to the International Stage,https://www.cigionline.org/publications/issues-bringing-canadian-fintech-international-stage/,PublicationPage,add latter and remove former
False,topic_replacement,It Is Finally Time for a New Bretton Woods,https://www.cigionline.org/articles/it-finally-time-new-bretton-woods/,ArticlePage,add latter and remove former
False,topic_replacement,It's Not Over until It's Over: The Case for an Eleventh-hour Push to Save IMF Reform,https://www.cigionline.org/publications/its-not-over-until-its-over-case-eleventh-hour-push-save-imf-reform/,PublicationPage,add latter and remove former
False,topic_replacement,It’s right China and India should demand a bigger IMF role,https://www.cigionline.org/articles/its-right-china-and-india-should-demand-a-bigger-imf-role/,ArticlePage,remove former only
False,topic_replacement,It’s Tempting to Blame Trump for All the World’s Problems. Here’s Why We Shouldn’t,https://www.cigionline.org/articles/ts-tempting-to-blame-trump-for-all-the-worlds-problems-heres-why-we-shouldnt/,ArticlePage,add latter and remove former
False,topic_replacement,June Lessons: The New Reality of Canada’s Defence and Security,https://www.cigionline.org/articles/june-lessons-the-new-reality-of-canadas-defence-and-security/,ArticlePage,add latter and remove former
False,topic_replacement,Justin Trudeau Talks to G7 Leaders,https://www.cigionline.org/articles/justin-trudeau-talks-g7-leaders/,ArticlePage,add latter and remove former
False,topic_replacement,"Justin Trudeau urges G20 leaders to fight ‘divisive, fearful rhetoric’",https://www.cigionline.org/articles/justin-trudeau-urges-g20-leaders-fight-divisive-fearful-rhetoric/,ArticlePage,add latter and remove former
False,topic_replacement,Key Economic and Security Issues at Japan G7 Summit,https://www.cigionline.org/articles/key-economic-and-security-issues-japan-g7-summit/,ArticlePage,add latter and remove former
False,topic_replacement,Lagarde’s Hangzhou message for the G20: No more excuses,https://www.cigionline.org/articles/lagardes-hangzhou-message-g20-no-more-excuses/,ArticlePage,add latter and remove former
False,topic_replacement,"Lessons from the 2025 G7 Cycle: Quantum, AI and Science Diplomacy",https://www.cigionline.org/publications/lessons-from-the-2025-g7-cycle-quantum-ai-and-science/,PublicationPage,add latter and remove former
False,topic_replacement,Let the Games Begin!,https://www.cigionline.org/articles/let-games-begin/,ArticlePage,add latter and remove former
False,topic_replacement,Liberals to Push for Gender Equality During Canada's Turn at Helm of G7 Summit,https://www.cigionline.org/articles/liberals-push-gender-equality-during-canadas-turn-helm-g7-summit/,ArticlePage,add latter and remove former
False,topic_replacement,Lip-service Commitments Won't Halt Protectionism,https://www.cigionline.org/articles/lip-service-commitments-wont-halt-protectionism/,ArticlePage,add latter and remove former
False,topic_replacement,Looking to the Past for Lessons on Russian Containment,https://www.cigionline.org/articles/looking-past-lessons-russian-containment/,ArticlePage,add latter and remove former
False,topic_replacement,Looming Regulation Likely to Impact Cryptocurrency Prices,https://www.cigionline.org/articles/looming-regulation-likely-impact-cryptocurrency-prices/,ArticlePage,add latter and remove former
False,topic_replacement,Los Cabos Preview,https://www.cigionline.org/articles/los-cabos-preview/,ArticlePage,add latter and remove former
False,topic_replacement,Los Cabos Summit: incremental steps on the road to globalizing the regulation of capital,https://www.cigionline.org/articles/los-cabos-summit-incremental-steps-road-globalizing-regulation-capital/,ArticlePage,add latter and remove former
False,topic_replacement,Maintaining the Rules-Based International Order Is in Everyone’s Best Interests,https://www.cigionline.org/articles/maintaining-the-rules-based-international-order-is-in-everyones-best-interests/,ArticlePage,add latter and remove former
False,topic_replacement,Making the G20 Summit Process Work: Some Proposals for Improving Effectiveness and Legitimacy,https://www.cigionline.org/publications/making-g20-summit-process-work-some-proposals-improving-effectiveness-and-legitimacy/,PublicationPage,add latter and remove former
False,topic_replacement,Meeting fatigue? G20 needs to guard its brand,https://www.cigionline.org/articles/meeting-fatigue-g20-needs-guard-its-brand/,ArticlePage,add latter and remove former
False,topic_replacement,Merkel-Trump summit this week could set the tone for Germany’s G20 green finance work,https://www.cigionline.org/articles/merkel-trump-summit-week-could-set-tone-germanys-g20-green-finance-work/,ArticlePage,add latter and remove former
False,topic_replacement,Middle Powers Can Lead in Trump Era,https://www.cigionline.org/articles/middle-powers-can-lead-trump-era/,ArticlePage,add latter and remove former
False,topic_replacement,"Mnuchin Warned by Japan, Germany as G-20 Sees New Economic Order",https://www.cigionline.org/articles/mnuchin-warned-japan-germany-g-20-sees-new-economic-order/,ArticlePage,add latter and remove former
False,topic_replacement,Morneau’s Big Challenge: IMF Reform and the Reluctant Hegemon,https://www.cigionline.org/articles/morneaus-big-challenge-imf-reform-and-reluctant-hegemon/,ArticlePage,add latter and remove former
False,topic_replacement,Moving on with or without Washington,https://www.cigionline.org/articles/moving-or-without-washington/,ArticlePage,add latter and remove former
False,topic_replacement,Multilateralism in 2017,https://www.cigionline.org/articles/multilateralism-2017/,ArticlePage,add latter and remove former
False,topic_replacement,National Perspectives on Global Leadership During the Cannes G20,https://www.cigionline.org/publications/national-perspectives-global-leadership-during-cannes-g20/,PublicationPage,add latter and remove former
False,topic_replacement,National Perspectives on Global Leadership During the Los Cabos G20 Summit,https://www.cigionline.org/publications/national-perspectives-global-leadership-during-los-cabos-g20-summit/,PublicationPage,add latter and remove former
False,topic_replacement,"New Report Praises Canada’s Efforts to Combat Election Interference, but Warns Important Gaps Remain",https://www.cigionline.org/articles/new-report-praises-canadas-efforts-combat-election-interference-warns-important-gaps/,ArticlePage,add latter and remove former
False,topic_replacement,New Thinking and the New G20,https://www.cigionline.org/articles/new-thinking-and-new-g20/,ArticlePage,add latter and remove former
False,topic_replacement,Next Steps for the G20: Turkey 2015,https://www.cigionline.org/publications/next-steps-g20-turkey-2015/,PublicationPage,add latter and remove former
False,topic_replacement,No “Back to Normal” for the WHO,https://www.cigionline.org/articles/no-back-normal-who/,ArticlePage,add latter and remove former
False,topic_replacement,No Leadership or Coordination among G20 on COVID-19: CIGI,https://www.cigionline.org/articles/no-leadership-or-coordination-among-g20-covid-19-cigi/,ArticlePage,add latter and remove former
False,topic_replacement,No Longer Optional: The G20 and Financing Sustainable Development,https://www.cigionline.org/articles/no-longer-optional-g20-and-financing-sustainable-development/,ArticlePage,add latter and remove former
False,topic_replacement,No ‘Sputnik Moment’ for the G20 in Shanghai,https://www.cigionline.org/articles/no-sputnik-moment-g20-shanghai/,ArticlePage,add latter and remove former
False,topic_replacement,Nothing But Blue Skies?,https://www.cigionline.org/articles/nothing-blue-skies/,ArticlePage,add latter and remove former
False,topic_replacement,NPGL Soundings Series: Summitry and Public Perceptions,https://www.cigionline.org/publications/npgl-soundings-series-summitry-and-public-perceptions-0/,PublicationPage,add latter and remove former
False,topic_replacement,On Advancing Global AI Governance,https://www.cigionline.org/articles/on-advancing-global-ai-governance/,ArticlePage,add latter and remove former
False,topic_replacement,"On Maritime Security, G7 Leaders Pivot Toward International Law",https://www.cigionline.org/articles/maritime-security-g7-leaders-pivot-toward-international-law/,ArticlePage,add latter and remove former
False,topic_replacement,‘Pace’ can be critical to policy innovation ,https://www.cigionline.org/articles/pace-can-be-critical-policy-innovation/,ArticlePage,add latter and remove former
False,topic_replacement,Paris massacre dominates agenda at G20 summit in Turkey ,https://www.cigionline.org/articles/paris-massacre-dominates-agenda-g20-summit-turkey/,ArticlePage,add latter and remove former
False,topic_replacement,Perspectives on the G20: The Los Cabos Summit and Beyond,https://www.cigionline.org/publications/perspectives-g20-los-cabos-summit-and-beyond/,PublicationPage,add latter and remove former
False,topic_replacement,Plan B at the IMF,https://www.cigionline.org/multimedia/plan-b-imf/,MultimediaPage,add latter and remove former
False,topic_replacement,Power Shift and Renminbi Internationalization: Recommendations for the G20,https://www.cigionline.org/publications/power-shift-and-renminbi-internationalization-recommendations-g20/,PublicationPage,add latter and remove former
False,topic_replacement,Pre-G20 Economic Growth Panel,https://www.cigionline.org/multimedia/pre-g20-economic-growth-panel-0/,MultimediaPage,add latter and remove former
False,topic_replacement,Prescriptions for the G20: The Cannes Summit and Beyond,https://www.cigionline.org/publications/prescriptions-g20-cannes-summit-and-beyond/,PublicationPage,add latter and remove former
False,topic_replacement,Press Conference: How to Judge the G20,https://www.cigionline.org/multimedia/press-conference-how-judge-g20/,MultimediaPage,add latter and remove former
False,topic_replacement,"Press Conference: Outcomes of the Think 20 (T20) Meeting Ottawa, Canada",https://www.cigionline.org/multimedia/press-conference-outcomes-think-20-t20-meeting-ottawa-canada/,MultimediaPage,add latter and remove former
False,topic_replacement,Priorities for the G20: The St. Petersburg Summit and Beyond,https://www.cigionline.org/publications/priorities-g20-st-petersburg-summit-and-beyond/,PublicationPage,add latter and remove former
False,topic_replacement,Prioritizing International Monetary and Financial Cooperation for the G20: Views from the T20,https://www.cigionline.org/publications/prioritizing-international-monetary-and-financial-cooperation-g20-views-t20/,PublicationPage,add latter and remove former
False,topic_replacement,Prospects for Global Re-Balancing and the Future of Economic Cooperation,https://www.cigionline.org/articles/prospects-global-re-balancing-and-future-economic-cooperation/,ArticlePage,add latter and remove former
False,topic_replacement,Reaching Canada's G7 Summit,https://www.cigionline.org/articles/reaching-canadas-g7-summit/,ArticlePage,add latter and remove former
False,topic_replacement,"Reforming the Global Architecture of Financial Regulation – the G20, the IMF and the FSB",https://www.cigionline.org/multimedia/reforming-global-architecture-financial-regulation-g20-imf-and-fsb/,MultimediaPage,add latter and remove former
False,topic_replacement,"Reforming the Global Architecture of Financial Regulation:  The G20, the IMF and the FSB",https://www.cigionline.org/publications/reforming-global-architecture-financial-regulation-g20-imf-and-fsb-0/,PublicationPage,add latter and remove former
False,topic_replacement,Resurrecting Globalization in the Upcoming G20 ,https://www.cigionline.org/articles/resurrecting-globalization-upcoming-g20/,ArticlePage,add latter and remove former
False,topic_replacement,Robust Digital Governance Frameworks in Africa,https://www.cigionline.org/publications/robust-digital-governance-frameworks-in-africa/,PublicationPage,add latter and remove former
False,topic_replacement,Rohinton Medhora Looks Ahead to the G7 Summit,https://www.cigionline.org/articles/rohinton-medhora-looks-ahead-g7-summit/,ArticlePage,add latter and remove former
False,topic_replacement,Ruling Capital: Emerging Markets and the Reregulation of Global Finance,https://www.cigionline.org/multimedia/ruling-capital-emerging-markets-and-reregulation-global-finance/,MultimediaPage,remove former only
False,topic_replacement,Russia's Defeatist Strategy,https://www.cigionline.org/multimedia/russias-defeatist-strategy/,MultimediaPage,add latter and remove former
False,topic_replacement,Saudi Arabia no longer is the forgotten member of the G20,https://www.cigionline.org/articles/saudi-arabia-no-longer-forgotten-member-g20/,ArticlePage,add latter and remove former
False,topic_replacement,Second Global Think Tank Virtual Town Hall: From Solidarity to Saving Lives and Livelihoods ,https://www.cigionline.org/events/second-global-think-tank-virtual-town-hall-solidarity-saving-lives-and-livelihoods/,EventPage,add latter and remove former
False,topic_replacement,Security Issues Threaten Global Economy ,https://www.cigionline.org/articles/security-issues-threaten-global-economy/,ArticlePage,add latter and remove former
False,topic_replacement,Seductive setting for G20 summit ,https://www.cigionline.org/articles/seductive-setting-g20-summit/,ArticlePage,add latter and remove former
False,topic_replacement,Shanghai Institute for International Studies (SIIS) – T20 Conference: MDBs and the G20 Development Agenda,https://www.cigionline.org/events/shanghai-institute-international-studies-siis-t20-conference-mdbs-and-g20-development-agenda/,EventPage,add latter and remove former
False,topic_replacement,Shifting Gear: Reshaping the G20 and Addressing the Global Growth Challenge,https://www.cigionline.org/multimedia/shifting-gear-reshaping-g20-and-addressing-global-growth-challenge/,MultimediaPage,add latter and remove former
False,topic_replacement,Should Climate Finance Be Integrated Into the G20 Agenda?,https://www.cigionline.org/publications/should-climate-finance-be-integrated-g20-agenda/,PublicationPage,add latter and remove former
False,topic_replacement,Should the G20 Be Downsized?,https://www.cigionline.org/articles/should-g20-be-downsized/,ArticlePage,add latter and remove former
False,topic_replacement,Small states are trying to shake up the global system ,https://www.cigionline.org/articles/small-states-are-trying-shake-global-system/,ArticlePage,add latter and remove former
False,topic_replacement,Special Report: Preventing Crises and Promoting Economic Growth,https://www.cigionline.org/publications/special-report-preventing-crises-and-promoting-economic-growth/,PublicationPage,add latter and remove former
False,topic_replacement,Strains on Display in Hamburg Reflect Diverging Paths,https://www.cigionline.org/articles/strains-display-hamburg-reflect-diverging-paths/,ArticlePage,add latter and remove former
False,topic_replacement,Strengthening the Multilateral Institutions: A G20 Priority,https://www.cigionline.org/publications/strengthening-multilateral-institutions-g20-priority/,PublicationPage,add latter and remove former
False,topic_replacement,Strengthening the Multilateral Institutions: A G20 Priority,https://www.cigionline.org/publications/strengthening-multilateral-institutions-g20-priority-0/,PublicationPage,add latter and remove former
False,topic_replacement,Summit Preview: Bottom line for G20,https://www.cigionline.org/multimedia/summit-preview-bottom-line-g20/,MultimediaPage,add latter and remove former
False,topic_replacement,Summit Preview: G20 Opportunities and Challenges,https://www.cigionline.org/multimedia/summit-preview-g20-opportunities-and-challenges/,MultimediaPage,add latter and remove former
False,topic_replacement,"T20 China Summit: “Building New Global Relationships – New Dynamics, New Prospects”",https://www.cigionline.org/events/t20-china-summit-building-new-global-relationships-new-dynamics-new-prospects/,EventPage,add latter and remove former
False,topic_replacement,T20 Conference: International Monetary and Financial Cooperation for a More Resilient and Inclusive World,https://www.cigionline.org/articles/t20-conference-international-monetary-and-financial-cooperation-more-resilient-and/,ArticlePage,add latter and remove former
False,topic_replacement,T20 Event: The China G20 Presidency: Delivering on Growth and the SDGs ,https://www.cigionline.org/events/t20-event-china-g20-presidency-delivering-growth-and-sdgs/,EventPage,add latter and remove former
False,topic_replacement,T20 International Policy Forum: Global Financial Governance and Innovation,https://www.cigionline.org/events/t20-international-policy-forum-global-financial-governance-and-innovation/,EventPage,add latter and remove former
False,topic_replacement,T20 Italy Virtual Inception Conference,https://www.cigionline.org/events/t20-italy-virtual-inception-conference/,EventPage,add latter and remove former
False,topic_replacement,T20 Launch Under the G20’s Turkish Presidency: Starting on the Right Footing ,https://www.cigionline.org/articles/t20-launch-under-g20s-turkish-presidency-starting-right-footing/,ArticlePage,add latter and remove former
False,topic_replacement,T7 2025: Aligning G7 Priorities with Global Challenges,https://www.cigionline.org/multimedia/t7-2025-aligning-g7-priorities-with-global-challenges/,MultimediaPage,add latter and remove former
False,topic_replacement,T7 2025: Digital Infrastructure Solutions to Advance Data  Agency — How Can Governments Catalyze  Positive Innovation for a Fair Data Economy?,https://www.cigionline.org/multimedia/t7-2025-digital-infrastructure-solutions-to-advance-data-agency-how-can-governments-catalyze-positive-innovation-for-a-fair-data-economy/,MultimediaPage,add latter and remove former
False,topic_replacement,T7 2025: Energy Security and Climate,https://www.cigionline.org/multimedia/t7-2025-energy-security-and-climate/,MultimediaPage,add latter and remove former
False,topic_replacement,T7 2025: Fair Data Economy Task Force Findings,https://www.cigionline.org/multimedia/t7-2025-fair-data-economy-task-force-findings/,MultimediaPage,add latter and remove former
False,topic_replacement,T7 2025: Global Solutions to Global AI Challenges,https://www.cigionline.org/multimedia/t7-2025-global-solutions-to-global-ai-challenges/,MultimediaPage,add latter and remove former
False,topic_replacement,T7 2025: The World in 2025 — Building International Cooperation,https://www.cigionline.org/multimedia/t7-2025-the-world-in-2025-building-international-cooperation/,MultimediaPage,add latter and remove former
False,topic_replacement,T7 Official Handover 2025: Italy to Canada,https://www.cigionline.org/events/t7-official-handover-2025-italy-to-canada/,EventPage,add latter and remove former
False,topic_replacement,T7 Official Handover 2025: Italy to Canada,https://www.cigionline.org/multimedia/t7-official-handover-2025-italy-to-canada/,MultimediaPage,add latter and remove former
False,topic_replacement,Talking Paris in Hamburg,https://www.cigionline.org/articles/talking-paris-hamburg/,ArticlePage,add latter and remove former
False,topic_replacement,Tariffs Set a New Agenda for Charlevoix,https://www.cigionline.org/articles/tariffs-set-new-agenda-charlevoix/,ArticlePage,add latter and remove former
False,topic_replacement,Taxing Capital in the Age of Intangibles,https://www.cigionline.org/articles/taxing-capital-in-the-age-of-intangibles/,ArticlePage,add latter and remove former
False,topic_replacement,The Antalya G20 Summit: verbiage but no action,https://www.cigionline.org/articles/antalya-g20-summit-verbiage-no-action/,ArticlePage,add latter and remove former
False,topic_replacement,The Best of Frenemies: The G20 and BRICS as Rivals,https://www.cigionline.org/articles/best-frenemies-g20-and-brics-rivals/,ArticlePage,add latter and remove former
False,topic_replacement,The Case for South Korea’s Inclusion in the G7,https://www.cigionline.org/articles/the-case-for-south-koreas-inclusion-in-the-g7/,ArticlePage,add latter and remove former
False,topic_replacement,The contrasting worlds of Brussels and Berlin ,https://www.cigionline.org/articles/contrasting-worlds-brussels-and-berlin/,ArticlePage,add latter and remove former
False,topic_replacement,The Cooperation Imperative: Why We Must Fix Global Economic Institutions,https://www.cigionline.org/articles/the-cooperation-imperative-why-we-must-fix-global-economic-institutions/,ArticlePage,remove former only
False,topic_replacement,The Dragon’s Footprints: China in the Global Economic Governance System under the G20 Framework,https://www.cigionline.org/publications/dragons-footprints-china-global-economic-governance-system-under-g20-framework/,PublicationPage,add latter and remove former
False,topic_replacement,The Failure of Global Cooperation in a Time of Crisis,https://www.cigionline.org/articles/failure-global-cooperation-time-crisis/,ArticlePage,add latter and remove former
False,topic_replacement,The Financial Stability Board and International Standards,https://www.cigionline.org/publications/financial-stability-board-and-international-standards/,PublicationPage,add latter and remove former
False,topic_replacement,The Financial Stability Board: An Effective Fourth Pillar of Global Economic Governance?,https://www.cigionline.org/publications/financial-stability-board-effective-fourth-pillar-global-economic-governance/,PublicationPage,add latter and remove former
False,topic_replacement,The Foreign Policy Events to Watch in 2020,https://www.cigionline.org/articles/foreign-policy-events-watch-2020/,ArticlePage,add latter and remove former
False,topic_replacement,The Future of the G20 and Its Place in Global Governance,https://www.cigionline.org/publications/future-g20-and-its-place-global-governance/,PublicationPage,add latter and remove former
False,topic_replacement,The G20 Agenda and Process: Analysis and Insight by CIGI Experts,https://www.cigionline.org/publications/g20-agenda-and-process-analysis-and-insight-cigi-experts/,PublicationPage,add latter and remove former
False,topic_replacement,The G20 and Building Global Governance for “Climate Refugees”,https://www.cigionline.org/publications/g20-and-building-global-governance-climate-refugees/,PublicationPage,add latter and remove former
False,topic_replacement,The G20 and Green Protectionism: Will We Pay the Price at Copenhagen?,https://www.cigionline.org/publications/g20-and-green-protectionism-will-we-pay-price-copenhagen/,PublicationPage,add latter and remove former
False,topic_replacement,The G20 and the End of the American Century,https://www.cigionline.org/articles/g20-and-end-american-century/,ArticlePage,add latter and remove former
False,topic_replacement,"The G20 and the Global Environment, Climate and Energy",https://www.cigionline.org/events/g20-and-global-environment-climate-and-energy/,EventPage,add latter and remove former
False,topic_replacement,The G20 and the Post-Crisis Economic Order,https://www.cigionline.org/publications/g20-and-post-crisis-economic-order/,PublicationPage,add latter and remove former
False,topic_replacement,The G20 as a Lever for Progress,https://www.cigionline.org/publications/g20-lever-progress/,PublicationPage,add latter and remove former
False,topic_replacement,The G20 as the Global Focus Group:  Beyond the Crisis Committee/Steering Committee Framework,https://www.cigionline.org/articles/g20-global-focus-group-beyond-crisis-committeesteering-committee-framework/,ArticlePage,add latter and remove former
False,topic_replacement,The G20 at the IMF,https://www.cigionline.org/multimedia/g20-imf/,MultimediaPage,add latter and remove former
False,topic_replacement,The G20 Can Keep a Candle Lit for Global Cooperation,https://www.cigionline.org/articles/g20-can-keep-candle-lit-global-cooperation/,ArticlePage,add latter and remove former
False,topic_replacement,The G20 Fights Fires — But It Won't Prevent Them,https://www.cigionline.org/articles/g20-fights-fires-it-wont-prevent-them/,ArticlePage,add latter and remove former
False,topic_replacement,The G20 finally confronts the reality that interest rates must rise,https://www.cigionline.org/articles/g20-finally-confronts-reality-interest-rates-must-rise/,ArticlePage,add latter and remove former
False,topic_replacement,"The G20 Framework for Strong, Sustainable And Balanced Growth: A Study in Credible Cooperation",https://www.cigionline.org/publications/g20-framework-strong-sustainable-and-balanced-growth-study-credible-cooperation/,PublicationPage,add latter and remove former
False,topic_replacement,The G20 Must Heed Carney on Climate Threat to Markets,https://www.cigionline.org/articles/g20-must-heed-carney-climate-threat-markets/,ArticlePage,add latter and remove former
False,topic_replacement,"The G20 proves it. Because of Donald Trump, the world no longer looks to America for leadership",https://www.cigionline.org/articles/g20-proves-it-because-donald-trump-world-no-longer-looks-america-leadership/,ArticlePage,add latter and remove former
False,topic_replacement,The G20 Should Elevate Gender Balance to the Top of Its Agenda,https://www.cigionline.org/publications/g20-should-elevate-gender-balance-top-its-agenda/,PublicationPage,add latter and remove former
False,topic_replacement,The G20 Summit: A Good Climate for Change,https://www.cigionline.org/articles/g20-summit-good-climate-change/,ArticlePage,add latter and remove former
False,topic_replacement,The G20 Unites Against International Tax Dodgers,https://www.cigionline.org/multimedia/g20-unites-against-international-tax-dodgers/,MultimediaPage,add latter and remove former
False,topic_replacement,The G20 unites for a 'historic' fight against international tax dodgers ,https://www.cigionline.org/articles/g20-unites-historic-fight-against-international-tax-dodgers/,ArticlePage,add latter and remove former
False,topic_replacement,"The G20, the Virus and the Absent Hegemon",https://www.cigionline.org/articles/g20-virus-and-absent-hegemon/,ArticlePage,add latter and remove former
False,topic_replacement,"The G20's ""Development"" Agenda: Fundamental, Not a Sidebar",https://www.cigionline.org/publications/g20s-development-agenda-fundamental-not-sidebar/,PublicationPage,add latter and remove former
False,topic_replacement,The G20's Credibility Crisis,https://www.cigionline.org/articles/g20s-credibility-crisis/,ArticlePage,add latter and remove former
False,topic_replacement,The G20’s Food Security Agenda: Making Positive Change or Passing the Buck?,https://www.cigionline.org/articles/g20s-food-security-agenda-making-positive-change-or-passing-buck/,ArticlePage,add latter and remove former
False,topic_replacement,The G20’s Reputation as a Crisis Fighter Took a Hit at the Antalya Summit ,https://www.cigionline.org/articles/g20s-reputation-crisis-fighter-took-hit-antalya-summit/,ArticlePage,add latter and remove former
False,topic_replacement,The G7 and the South China Sea,https://www.cigionline.org/articles/g7-and-south-china-sea/,ArticlePage,add latter and remove former
False,topic_replacement,The G7 Reimagined: Navigating a Multipolar World,https://www.cigionline.org/articles/the-g7-reimagined-navigating-a-multipolar-world/,ArticlePage,add latter and remove former
False,topic_replacement,The Global Elite Confronts the ‘Most Protectionist Period' In Our Lifetimes,https://www.cigionline.org/articles/global-elite-confronts-most-protectionist-period-our-lifetimes/,ArticlePage,add latter and remove former
False,topic_replacement,The Lamps Are Dimming on the International Order,https://www.cigionline.org/articles/lamps-are-dimming-international-order/,ArticlePage,add latter and remove former
False,topic_replacement,The Logic of the B(R)ICSAM Model for G8 Reform,https://www.cigionline.org/publications/logic-bricsam-model-g8-reform/,PublicationPage,add latter and remove former
False,topic_replacement,The new backlash against globalisation,https://www.cigionline.org/articles/new-backlash-against-globalisation/,ArticlePage,add latter and remove former
False,topic_replacement,The New Geometry of Global Summitry,https://www.cigionline.org/publications/new-geometry-global-summitry/,PublicationPage,add latter and remove former
False,topic_replacement,The Risk of OTC Derivatives: Canadian Lessons for Europe and the G20,https://www.cigionline.org/publications/risk-otc-derivatives-canadian-lessons-europe-and-g20/,PublicationPage,add latter and remove former
False,topic_replacement,The Short View: The Global Conjuncture and the Need for Cooperation,https://www.cigionline.org/publications/short-view-global-conjuncture-and-need-cooperation/,PublicationPage,add latter and remove former
False,topic_replacement,The South China Sea Dispute: From Japan’s G7 to China’s G20 Summit,https://www.cigionline.org/articles/south-china-sea-dispute-japans-g7-chinas-g20-summit/,ArticlePage,add latter and remove former
False,topic_replacement,The strengthening Nuclear Abolition Imperative,https://www.cigionline.org/articles/strengthening-nuclear-abolition-imperative/,ArticlePage,add latter and remove former
False,topic_replacement,The UK shows a way to break out of Washington’s yoke on global economic affairs,https://www.cigionline.org/articles/uk-shows-way-break-out-washingtons-yoke-global-economic-affairs/,ArticlePage,add latter and remove former
False,topic_replacement,The US-China Trade War Will Steal the Show at the G-20,https://www.cigionline.org/articles/us-china-trade-war-will-steal-show-g-20/,ArticlePage,add latter and remove former
False,topic_replacement,Think 20 Digital Economy Task Force,https://www.cigionline.org/events/think-20-digital-economy-task-force/,EventPage,add latter and remove former
False,topic_replacement,Think7 Summit: Canada 2025,https://www.cigionline.org/events/think7-summit-canada-2025/,EventPage,add latter and remove former
False,topic_replacement,This Global Crisis Calls for Global Leadership,https://www.cigionline.org/articles/global-crisis-calls-global-leadership/,ArticlePage,add latter and remove former
False,topic_replacement,This Time Is Not Different: Blaming Short Sellers,https://www.cigionline.org/publications/time-not-different-blaming-short-sellers/,PublicationPage,add latter and remove former
False,topic_replacement,Torres: “El FMI nos seguirá apoyando si actuamos responsablemente”,https://www.cigionline.org/articles/torres-el-fmi-nos-seguira-apoyando-si-actuamos-responsablemente/,ArticlePage,add latter and remove former
False,topic_replacement,Toward a G20 Framework for Artificial Intelligence in the Workplace,https://www.cigionline.org/publications/toward-g20-framework-artificial-intelligence-workplace/,PublicationPage,add latter and remove former
False,topic_replacement,Toward A Global Investment Governance Framework: An Opportunity for the Chinese Presidency of the G20,https://www.cigionline.org/publications/toward-global-investment-governance-framework-opportunity-chinese-presidency-g20/,PublicationPage,add latter and remove former
False,topic_replacement,Trudeau 'in middle' between Merkel and Trump at G20 summit,https://www.cigionline.org/articles/trudeau-middle-between-merkel-and-trump-g20-summit/,ArticlePage,add latter and remove former
False,topic_replacement,Trudeau and Trump Set for Face-to-Face Rematch Following G7 Clash,https://www.cigionline.org/articles/trudeau-and-trump-set-face-face-rematch-following-g7-clash/,ArticlePage,add latter and remove former
False,topic_replacement,"Trudeau Joins G20 Pledge to Supply COVID-19 Vaccine to Poor Nations, Rejecting Protectionism",https://www.cigionline.org/articles/trudeau-joins-g20-pledge-supply-covid-19-vaccine-poor-nations-rejecting-protectionism/,ArticlePage,add latter and remove former
False,topic_replacement,Trudeau Offers G-20 Litmus Test as Canada Embraces Deficits,https://www.cigionline.org/articles/trudeau-offers-g-20-litmus-test-canada-embraces-deficits/,ArticlePage,add latter and remove former
False,topic_replacement,"Trudeau, Merkel push common climate goals at G20 summit in Hamburg",https://www.cigionline.org/articles/trudeau-merkel-push-common-climate-goals-g20-summit-hamburg/,ArticlePage,add latter and remove former
False,topic_replacement,Trudeau's debut on world stage altered by Paris attacks,https://www.cigionline.org/articles/trudeaus-debut-world-stage-altered-paris-attacks/,ArticlePage,add latter and remove former
False,topic_replacement,Trudeau's G7 Gender Equality Push Gains Traction,https://www.cigionline.org/articles/trudeaus-g7-gender-equality-push-gains-traction/,ArticlePage,add latter and remove former
False,topic_replacement,Trudeau's global debut finds him on same page as G20 on key issues,https://www.cigionline.org/articles/trudeaus-global-debut-finds-him-same-page-g20-key-issues/,ArticlePage,add latter and remove former
False,topic_replacement,True Leaders Must Stop the Saudi Crown Prince’s Normalization Tour,https://www.cigionline.org/articles/true-leaders-must-stop-saudi-crown-princes-normalization-tour/,ArticlePage,add latter and remove former
False,topic_replacement,Trump left in cold over Paris climate agreement at end of G20 summit,https://www.cigionline.org/articles/trump-left-cold-over-paris-climate-agreement-end-g20-summit/,ArticlePage,add latter and remove former
False,topic_replacement,Trump to Confront Macron at G-7 over French Tax on Tech Companies,https://www.cigionline.org/articles/trump-confront-macron-g-7-over-french-tax-tech-companies/,ArticlePage,add latter and remove former
False,topic_replacement,Trump's 'America First' Mantra Sets Stage for Diminished U.S. Role at G20,https://www.cigionline.org/articles/trumps-america-first-mantra-sets-stage-diminished-us-role-g20/,ArticlePage,add latter and remove former
False,topic_replacement,"Trump's Dilemma: Why US Wants India To Be Strong, But Not Too Strong",https://www.cigionline.org/articles/trumps-dilemma-why-us-wants-india-to-be-strong-but-not-too-strong/,ArticlePage,add latter and remove former
False,topic_replacement,Trump's Steel Wild Card Hangs Over G-20,https://www.cigionline.org/articles/trumps-steel-wild-card-hangs-over-g-20/,ArticlePage,add latter and remove former
False,topic_replacement,Trump's Third G20 Summit,https://www.cigionline.org/articles/trumps-third-g20-summit/,ArticlePage,add latter and remove former
False,topic_replacement,Trust the First Casualty in Trump’s War on Trade,https://www.cigionline.org/articles/trust-first-casualty-trumps-war-trade/,ArticlePage,add latter and remove former
False,topic_replacement,"Turkey, the G20 and the Global Economy",https://www.cigionline.org/events/turkey-g20-and-global-economy/,EventPage,add latter and remove former
False,topic_replacement,"Turkey, the G20 and the Global Economy",https://www.cigionline.org/multimedia/turkey-g20-and-global-economy/,MultimediaPage,add latter and remove former
False,topic_replacement,Turmoil in Italy Likely to Grab Attention Around G7 Finance Ministers' Table,https://www.cigionline.org/articles/turmoil-italy-likely-grab-attention-around-g7-finance-ministers-table/,ArticlePage,add latter and remove former
False,topic_replacement,U.S. isolated on climate at summit of world leaders,https://www.cigionline.org/articles/us-isolated-climate-summit-world-leaders/,ArticlePage,add latter and remove former
False,topic_replacement,Uncertainty surrounding G-20 outcome?,https://www.cigionline.org/articles/uncertainty-surrounding-g-20-outcome/,ArticlePage,add latter and remove former
False,topic_replacement,"Under India’s Presidency, G20’s Digital Economy Agenda Must Evolve",https://www.cigionline.org/articles/under-indias-presidency-g20s-digital-economy-agenda-must-evolve/,ArticlePage,add latter and remove former
False,topic_replacement,Understanding the Global Trade Imperative,https://www.cigionline.org/articles/understanding-global-trade-imperative/,ArticlePage,remove former only
False,topic_replacement,US absence at G20 an opportunity for Canada,https://www.cigionline.org/articles/us-absence-at-g20-an-opportunity-for-canada/,ArticlePage,add latter and remove former
False,topic_replacement,US Formation of New Geoeconomic Alliances: Canada’s Shifting Relevance,https://www.cigionline.org/articles/us-formation-of-new-geoeconomic-alliances-canadas-shifting-relevance/,ArticlePage,add latter and remove former
False,topic_replacement,USMCA May Have Closed the Door on Data Localization Too Soon,https://www.cigionline.org/articles/usmca-may-have-closed-door-data-localization-too-soon/,ArticlePage,add latter and remove former
False,topic_replacement,Venezuela’s Role in the World: Key Questions Post-Maduro,https://www.cigionline.org/articles/venezuelas-role-in-the-world-key-questions-post-maduro/,ArticlePage,remove former only
False,topic_replacement,Violent protests greet G20 as leaders grapple with deep divisions,https://www.cigionline.org/articles/violent-protests-greet-g20-leaders-grapple-deep-divisions/,ArticlePage,add latter and remove former
False,topic_replacement,Vision 20: International Summit on Global Governance’s New Frontiers ,https://www.cigionline.org/events/vision-20-international-summit-global-governances-new-frontiers/,EventPage,add latter and remove former
False,topic_replacement,We Can’t Blame All Global Trade Chaos on Trump,https://www.cigionline.org/articles/we-cant-blame-all-global-trade-chaos-on-trump/,ArticlePage,remove former only
False,topic_replacement,"We’re revving the global economy’s engine, but still moving too slowly",https://www.cigionline.org/articles/were-revving-global-economys-engine-still-moving-too-slowly/,ArticlePage,add latter and remove former
False,topic_replacement,What Future for Global Leadership?,https://www.cigionline.org/articles/what-future-global-leadership/,ArticlePage,add latter and remove former
False,topic_replacement,What to Expect as G7 Leaders Meet in Biarritz,https://www.cigionline.org/articles/what-expect-g7-leaders-meet-biarritz/,ArticlePage,add latter and remove former
False,topic_replacement,What to Look for as Argentina Takes over as Chair of G20,https://www.cigionline.org/articles/what-look-argentina-takes-over-chair-g20/,ArticlePage,add latter and remove former
False,topic_replacement,What Will It Take for Trump and Trudeau to Make Peace?,https://www.cigionline.org/articles/what-will-it-take-trump-and-trudeau-make-peace/,ArticlePage,add latter and remove former
False,topic_replacement,What's at stake for Canada at the G20 summit?,https://www.cigionline.org/articles/whats-stake-canada-g20-summit/,ArticlePage,add latter and remove former
False,topic_replacement,What's on the Table at the G7 Summit?,https://www.cigionline.org/articles/whats-on-the-table-at-the-g7-summit/,ArticlePage,add latter and remove former
False,topic_replacement,Where Are the Emperor's Clothes?,https://www.cigionline.org/publications/where-are-emperors-clothes/,PublicationPage,add latter and remove former
False,topic_replacement,Where Does the G20 Go from Here?,https://www.cigionline.org/articles/where-does-the-g20-go-from-here/,ArticlePage,add latter and remove former
False,topic_replacement,Why Biarritz Could Be a New Model for Summitry,https://www.cigionline.org/articles/why-biarritz-could-be-new-model-summitry/,ArticlePage,add latter and remove former
False,topic_replacement,Why Merkel Is Ready for a Showdown in Hamburg,https://www.cigionline.org/articles/why-merkel-ready-showdown-hamburg/,ArticlePage,add latter and remove former
False,topic_replacement,Why the G20 Is Crucial to Canada,https://www.cigionline.org/articles/why-g20-crucial-canada/,ArticlePage,add latter and remove former
False,topic_replacement,Why the G20 Must Also Act as a Forum for Climate Action,https://www.cigionline.org/articles/why-g20-must-also-act-forum-climate-action/,ArticlePage,add latter and remove former
False,topic_replacement,Why the G7’s desire to reassert itself is screwing up the new world order,https://www.cigionline.org/articles/why-g7s-desire-reassert-itself-screwing-new-world-order/,ArticlePage,add latter and remove former
False,topic_replacement,Will the G20 Cry Over Argentina?,https://www.cigionline.org/articles/will-g20-cry-over-argentina/,ArticlePage,add latter and remove former
False,topic_replacement,Will the G20 Remain Relevant?,https://www.cigionline.org/articles/will-g20-remain-relevant/,ArticlePage,add latter and remove former
False,topic_replacement,Will the G20 Summit Be a Sideshow to Trump-Xi Talks?,https://www.cigionline.org/articles/will-g20-summit-be-sideshow-trump-xi-talks/,ArticlePage,add latter and remove former
False,topic_replacement,"With Globalization in Crisis, What Role for Davos?",https://www.cigionline.org/articles/globalization-crisis-what-role-davos/,ArticlePage,add latter and remove former
False,topic_replacement,"With Trump in Office, Can the G20 Summit Be More than a Sideshow?",https://www.cigionline.org/articles/trump-office-can-g20-summit-be-more-sideshow/,ArticlePage,add latter and remove former
False,topic_replacement,"Work Is Changing, Policy Needs to Follow Suit",https://www.cigionline.org/articles/work-changing-policy-needs-follow-suit/,ArticlePage,add latter and remove former
False,topic_replacement,You Get What You Measure ,https://www.cigionline.org/articles/you-get-what-you-measure/,ArticlePage,add latter and remove former
False,topic_replacement,A Beast of a Different Kind: Malign Foreign Information Operations,https://www.cigionline.org/publications/a-beast-of-a-different-kind-malign-foreign-information-operations/,PublicationPage,remove former only
False,topic_replacement,AI and Information Manipulation: Russia’s Interference in the US Elections,https://www.cigionline.org/publications/ai-and-information-manipulation-russias-interference-in-the-us-elections/,PublicationPage,add latter and remove former
False,topic_replacement,Canada Must Guard Against China’s Economic Aggression — Or Risk Its Place in the New Global Order,https://www.cigionline.org/articles/canada-must-guard-against-chinas-economic-aggression-or-risk-its-place-in-the-new-global-order/,ArticlePage,add latter and remove former
False,topic_replacement,Canada’s High-Tech Defence Imperative,https://www.cigionline.org/articles/canadas-high-tech-defence-imperative/,ArticlePage,add latter and remove former
False,topic_replacement,Canada’s National Security: A Discussion with The Honourable Marco Mendicino,https://www.cigionline.org/multimedia/canadas-national-security-a-discussion-with-the-honourable-marco-mendicino/,MultimediaPage,add latter and remove former
False,topic_replacement,Canadian Intelligence Emerges from the Shadows: It’s About Time,https://www.cigionline.org/articles/canadian-intelligence-emerges-from-the-shadows-its-about-time/,ArticlePage,remove former only
False,topic_replacement,"CIGI Experts Available: Geopolitical, Economic and Legal Implications of U.S. Military Operations in Venezuela",https://www.cigionline.org/articles/cigi-experts-available-geopolitical-economic-and-legal-implications-of-us-military-operations-in-venezuela/,ArticlePage,remove former only
False,topic_replacement,Deterrence by Denial: Protecting Chinese Diasporas and Canadian Federal Elections from Chinese Interference,https://www.cigionline.org/publications/deterrence-by-denial-protecting-chinese-diasporas-and-canadian-federal-elections-from-chinese-interference/,PublicationPage,add latter and remove former
False,topic_replacement,Foreign Interference Is Targeting Diaspora Communities in Canada,https://www.cigionline.org/articles/foreign-interference-is-targeting-diaspora-communities-in-canada/,ArticlePage,remove former only
False,topic_replacement,From Trolls to Generative AI: Russia’s Disinformation Evolution,https://www.cigionline.org/publications/from-trolls-to-generative-ai-russias-disinformation-evolution/,PublicationPage,add latter and remove former
False,topic_replacement,Getting Serious About National Security,https://www.cigionline.org/publications/getting-serious-about-national-security/,PublicationPage,add latter and remove former
False,topic_replacement,Improving Canadian Digital Defences: A National Security Priority,https://www.cigionline.org/publications/improving-canadian-digital-defences-a-national-security-priority/,PublicationPage,add latter and remove former
False,topic_replacement,Navigating Digital Neocolonialism in Africa,https://www.cigionline.org/publications/navigating-digital-neocolonialism-in-africa/,PublicationPage,add latter and remove former
False,topic_replacement,No traitors but many concerns: Foreign Interference Commission wraps up,https://www.cigionline.org/articles/no-traitors-but-many-concerns-foreign-interference-commission-wraps-up/,ArticlePage,add latter and remove former
False,topic_replacement,Reshaping Global Order: Xiangshan Forum Signals China’s Growing Soft Power,https://www.cigionline.org/articles/reshaping-global-order-xiangshan-forum-signals-chinas-growing-soft-power/,ArticlePage,add latter and remove former
False,topic_replacement,Then and Now: How Does AI Electoral Interference Compare in 2025?,https://www.cigionline.org/articles/then-and-now-how-does-ai-electoral-interference-compare-in-2025/,ArticlePage,remove former only
False,topic_replacement,"What Springfield, Ohio, can teach Canadians about digital mis- and disinformation",https://www.cigionline.org/articles/what-springfield-ohio-can-teach-canadians-about-digital-mis-and-disinformation/,ArticlePage,remove former only
False,topic_removal,– A survey conducted in 24 countries finds that a majority (71%) of global citizens agree that the ‘Dark Net’ must be shut down,https://www.cigionline.org/articles/survey-conducted-24-countries-finds-majority-71-global-citizens-agree-dark-net-must-be/,ArticlePage,"removed ""Surveillance"""
False,topic_removal," CIGI releases new book on Snowden, Trust & Surveillance online",https://www.cigionline.org/articles/cigi-releases-new-book-snowden-trust-surveillance-online/,ArticlePage,"removed ""Surveillance"""
False,topic_removal,"""Quayside Project Was Blending The Roles Of Governments And Corporations Too Much"" Says Bianca Wylie",https://www.cigionline.org/articles/quayside-project-was-blending-roles-governments-and-corporations-too-much-says-bianca/,ArticlePage,"removed ""Surveillance"""
False,topic_removal,71 percent of global citizens call for shut down of the Dark Net,https://www.cigionline.org/articles/71-percent-global-citizens-call-shut-down-dark-net/,ArticlePage,"removed ""Surveillance"""
False,topic_removal,71% of citizens worldwide want dark net shut down,https://www.cigionline.org/articles/71-citizens-worldwide-want-dark-net-shut-down/,ArticlePage,"removed ""Surveillance"""
False,topic_removal,71% Of People Globally Think The Dark Net Should Be Shut Down,https://www.cigionline.org/articles/71-people-globally-think-dark-net-should-be-shut-down/,ArticlePage,"removed ""Surveillance"""
False,topic_removal,"71% Want The Dark Net Shut Down, Showing Most Have No Idea What The Dark Net Is",https://www.cigionline.org/articles/71-want-dark-net-shut-down-showing-most-have-no-idea-what-dark-net/,ArticlePage,"removed ""Surveillance"""
False,topic_removal,A Much-needed Review of Canada’s Security and Intelligence Operations Arrives,https://www.cigionline.org/articles/much-needed-review-canadas-security-and-intelligence-operations-arrives/,ArticlePage,"removed ""Surveillance"""
False,topic_removal,A New Canadian National Security Doctrine Requires Wider and Deeper Public-Private Collaboration,https://www.cigionline.org/articles/new-canadian-national-security-doctrine-requires-wider-and-deeper-public-private/,ArticlePage,"removed ""Surveillance"""
False,topic_removal,A Paradox of Integration at the Forty-Ninth Parallel,https://www.cigionline.org/publications/a-paradox-of-integration-at-the-forty-ninth-parallel/,PublicationPage,"removed ""Surveillance"""
False,topic_removal,"Accelerating a Just Transition to Smart, Sustainable Cities",https://www.cigionline.org/publications/accelerating-just-transition-smart-sustainable-cities/,PublicationPage,"removed ""Surveillance"""
False,topic_removal,Africans disenchanted with governments - survey,https://www.cigionline.org/articles/africans-disenchanted-governments-survey/,ArticlePage,"removed ""Surveillance"""
False,topic_removal,AI and Refugee Protection in the African Union: Smart Borders or Fortress Africa?,https://www.cigionline.org/publications/ai-and-refugee-protection-in-the-african-union-smart-borders-or-fortress-africa/,PublicationPage,"removed ""Surveillance"""
False,topic_removal,"AI at War: What the Ongoing Conflicts Reveal About Power, Technology and Ethics",https://www.cigionline.org/articles/ai-at-war-what-the-ongoing-conflicts-reveal-about-power-technology-and-ethics/,ArticlePage,"removed ""Surveillance"""
False,topic_removal,America’s Newfound Interest in Regulating Tech May Be a Game Changer,https://www.cigionline.org/articles/americas-newfound-interest-in-regulating-tech-may-be-a-game-changer/,ArticlePage,"removed ""Surveillance"""
False,topic_removal,Apple fights judge's order to unlock San Bernardino shooter's iPhone,https://www.cigionline.org/articles/apple-fights-judges-order-unlock-san-bernardino-shooters-iphone/,ArticlePage,"removed ""Surveillance"""
False,topic_removal,"Apple Vision Pro Is Here, But Are We Ready for It?",https://www.cigionline.org/articles/apple-vision-pro-is-here-but-are-we-ready-for-it/,ArticlePage,"removed ""Surveillance"""
False,topic_removal,Are Algorithms Threatening Your Freedom of Thought?,https://www.cigionline.org/articles/are-algorithms-threatening-your-freedom-of-thought/,ArticlePage,"removed ""Surveillance"""
False,topic_removal,Are Democracies Prepared for Foreign Interference?,https://www.cigionline.org/articles/are-democracies-prepared-foreign-interference/,ArticlePage,"removed ""Surveillance"""
False,topic_removal,"As Parties Build Digital Profiles of Voters, the Risk of Breaches Grows",https://www.cigionline.org/articles/as-parties-gather-more-data-the-risk-of-breaches-grows/,ArticlePage,"removed ""Surveillance"""
False,topic_removal,"At Canada’s Spy Agency, A New Women’s Network Safeguards Progress on Gender Equality",https://www.cigionline.org/articles/canadas-spy-agency-new-womens-network-safeguards-progress-gender-equality/,ArticlePage,"removed ""Surveillance"""
False,topic_removal,"Banning Huawei Was the Start, Not the End, of Protecting Cyber Infrastructure",https://www.cigionline.org/articles/banning-huawei-was-the-start-not-the-end-of-protecting-cyber-infrastructure/,ArticlePage,"removed ""Surveillance"""
False,topic_removal,"Before Adopting New Technologies, We Must Define the Common Good",https://www.cigionline.org/articles/adopting-new-technologies-we-must-define-common-good/,ArticlePage,"removed ""Surveillance"""
False,topic_removal,"Big Data, Big Responsibilities: Recommendations to the Office of the Privacy Commissioner on Canadian Privacy Rights in a Digital Age",https://www.cigionline.org/publications/big-data-big-responsibilities-recommendations-office-privacy-commissioner-canadian/,PublicationPage,"removed ""Surveillance"""
False,topic_removal,‘Bridge to Health’? Why Some Question India’s Contact Tracing App,https://www.cigionline.org/articles/bridge-health-why-some-question-indias-contact-tracing-app/,ArticlePage,"removed ""Surveillance"""
False,topic_removal,Briefing: Top Reads of 2021,https://www.cigionline.org/articles/briefing-top-reads-of-2021/,ArticlePage,"removed ""Surveillance"""
False,topic_removal,Building a Better Pandemic and Health Security Intelligence Response in Australia,https://www.cigionline.org/articles/building-better-pandemic-and-health-security-intelligence-response-australia/,ArticlePage,"removed ""Surveillance"""
False,topic_removal,Building a Feminist Internet,https://www.cigionline.org/articles/building-feminist-internet/,ArticlePage,"removed ""Surveillance"""
False,topic_removal,Building eCommerce to its Full Potential Requires More Trust in the Markets,https://www.cigionline.org/articles/building-ecommerce-its-full-potential-requires-more-trust-markets/,ArticlePage,"removed ""Surveillance"""
False,topic_removal,Can Facebook Remain One Step Ahead of Regulators?,https://www.cigionline.org/articles/can-facebook-remain-one-step-ahead-regulators/,ArticlePage,"removed ""Surveillance"""
False,topic_removal,Can Sanctions Keep China’s Surveillance Market in Check?,https://www.cigionline.org/articles/can-sanctions-keep-chinas-surveillance-market-check/,ArticlePage,"removed ""Surveillance"""
False,topic_removal,Can the Internet Accommodate a Spike in Remote Work?,https://www.cigionline.org/articles/can-internet-accommodate-spike-remote-work/,ArticlePage,"removed ""Surveillance"""
False,topic_removal,Can We Trust ArriveCAN? Not without Transparency and Accountability,https://www.cigionline.org/articles/can-we-trust-arrivecan-not-without-transparency-and-accountability/,ArticlePage,"removed ""Surveillance"""
False,topic_removal,Canada and Cyber Governance,https://www.cigionline.org/articles/canada-and-cyber-governance/,ArticlePage,"removed ""Surveillance"""
False,topic_removal,"Canada’s Lawful Access Bill: Heavy on Secrecy, Light on Accountability",https://www.cigionline.org/articles/canadas-lawful-access-bill-heavy-on-secrecy-light-on-accountability/,ArticlePage,"removed ""Surveillance"""
False,topic_removal,Canada’s Online Streaming Act Needs a Privacy Clause,https://www.cigionline.org/articles/canadas-online-streaming-act-needs-a-privacy-clause/,ArticlePage,"removed ""Surveillance"""
False,topic_removal,Canadian Security Recovery from COVID-19: The Lasting Implications of COVID-19,https://www.cigionline.org/events/canadian-security-recovery-covid-19-lasting-implications-covid-19-canadas-security-and/,EventPage,"removed ""Surveillance"""
False,topic_removal,Carissa Véliz on Why We Need to Take Back Control of Our Data,https://www.cigionline.org/big-tech/carissa-veliz-on-why-we-need-to-take-back-control-of-our-data/,MultimediaPage,"removed ""Surveillance"""
False,topic_removal,Carly Kind on Contact-tracing Apps,https://www.cigionline.org/big-tech/carly-kind-contact-tracing-apps/,MultimediaPage,"removed ""Surveillance"""
False,topic_removal,"Cashback, reward apps helping Canadians save, but where is the data going?",https://www.cigionline.org/articles/cashback-reward-apps-helping-canadians-save-but-where-is-the-data-going/,ArticlePage,"removed ""Surveillance"""
False,topic_removal,"Cinema Series: ""Black Code""",https://www.cigionline.org/events/cinema-series-black-code/,EventPage,"removed ""Surveillance"""
False,topic_removal,Contact-Tracing Apps Fail to Deliver on Tech Boosters’ Promises,https://www.cigionline.org/articles/contact-tracing-apps-fail-deliver-tech-boosters-promises/,ArticlePage,"removed ""Surveillance"""
False,topic_removal,"Control Creep: When the Data Always Travels, So Do the Harms",https://www.cigionline.org/articles/control-creep-when-data-always-travels-so-do-harms/,ArticlePage,"removed ""Surveillance"""
False,topic_removal,"Controlling the Commercial Security Epidemic: The Lasting Effects on Supply Chains, Economic Security and New Partnerships in the Post-COVID-19 Era",https://www.cigionline.org/events/controlling-commercial-security-epidemic-lasting-effects-supply-chains-economic-security-and/,EventPage,"removed ""Surveillance"""
False,topic_removal,Coronavirus: A Digital Governance Emergency of International Concern,https://www.cigionline.org/articles/coronavirus-digital-governance-emergency-international-concern/,ArticlePage,"removed ""Surveillance"""
False,topic_removal,Corporate Accountability for a Free and Open Internet,https://www.cigionline.org/publications/corporate-accountability-free-and-open-internet/,PublicationPage,"removed ""Surveillance"""
False,topic_removal,COVID-19 Scammers are Using Data-breach Fears to Get Information from Canadians,https://www.cigionline.org/articles/covid-19-scammers-are-using-data-breach-fears-get-information-canadians/,ArticlePage,"removed ""Surveillance"""
False,topic_removal,Critical Infrastructure and the Internet of Things,https://www.cigionline.org/publications/critical-infrastructure-and-internet-things-0/,PublicationPage,"removed ""Surveillance"""
False,topic_removal,Data for Development without Data Protection: A View from India,https://www.cigionline.org/articles/data-for-development-without-data-protection-a-view-from-india/,ArticlePage,"removed ""Surveillance"""
False,topic_removal,Data Protection and Digital Agency for Refugees,https://www.cigionline.org/publications/data-protection-and-digital-agency-refugees/,PublicationPage,"removed ""Surveillance"""
False,topic_removal,Data Rules in Modern Trade Agreements: Toward Reconciling an Open Internet with Privacy and Security Safeguards,https://www.cigionline.org/articles/data-rules-modern-trade-agreements-toward-reconciling-open-internet-privacy-and-security/,ArticlePage,"removed ""Surveillance"""
False,topic_removal,"DataGovHub Webinar Series: ""Why has data become a national security issue?""",https://www.cigionline.org/events/datagovhub-webinar-series-why-has-data-become-national-security-issue/,EventPage,"removed ""Surveillance"""
False,topic_removal,David Carroll on the Dark Side of Digital Advertising,https://www.cigionline.org/big-tech/david-carroll-dark-side-digital-advertising/,MultimediaPage,"removed ""Surveillance"""
False,topic_removal,Democratic Renewal or Vast Panopticon? Great-Power Rivalry in the Data Economy,https://www.cigionline.org/publications/democratic-renewal-or-vast-panopticon-great-power-rivalry-in-the-data-economy/,PublicationPage,"removed ""Surveillance"""
False,topic_removal,"Dependent on Social Media’s Marketing Power, Small Businesses Worry Over iOS Changes",https://www.cigionline.org/articles/dependent-social-medias-marketing-power-small-businesses-worry-over-ios-changes/,ArticlePage,"removed ""Surveillance"""
False,topic_removal,Digital Ethics and the Freedom of Thought: A Conversation,https://www.cigionline.org/events/digital-ethics-the-freedom-of-thought-a-conversation/,EventPage,"removed ""Surveillance"""
False,topic_removal,Digital Media Literacy as a Precondition for Engaged Digital Citizenship,https://www.cigionline.org/publications/digital-media-literacy-as-a-precondition-for-engaged-digital-citizenship/,PublicationPage,"removed ""Surveillance"""
False,topic_removal,Do Americans Support Weakening Encryption? It Might Depend When You Ask. ,https://www.cigionline.org/articles/do-americans-support-weakening-encryption-it-might-depend-when-you-ask/,ArticlePage,"removed ""Surveillance"""
False,topic_removal,Doctorow versus Zuboff ,https://www.cigionline.org/articles/doctorow-versus-zuboff/,ArticlePage,"removed ""Surveillance"""
False,topic_removal,Doing Battle in Cyberspace: How an Attack on Estonia Changed the Rules of the Game,https://www.cigionline.org/articles/doing-battle-cyberspace-how-attack-estonia-changed-rules-game/,ArticlePage,"removed ""Surveillance"""
False,topic_removal,"Dominant Reflex of Security and Intelligence Network ‘To Keep Info as Secret as Possible,’ Should ‘Hardwire’ Transparency Into Day-to-day Work, Say Experts",https://www.cigionline.org/articles/dominant-reflex-security-and-intelligence-network-keep-info-secret-possible-should/,ArticlePage,"removed ""Surveillance"""
False,topic_removal,Enhancing Compliance with Privacy Legislation through Standardization,https://www.cigionline.org/publications/enhancing-compliance-with-privacy-legislation-through-standardization/,PublicationPage,"removed ""Surveillance"""
False,topic_removal,"Enhancing Cybersecurity  Readiness  in an Era of Digital Disruption:  A Discussion  with Shelly Bruce, Chief, Communications Security Establishment",https://www.cigionline.org/events/enhancing-cybersecurity-readiness-era-digital-disruption-discussion-shelly-bruce-chief/,EventPage,"removed ""Surveillance"""
False,topic_removal,"Enhancing Cybersecurity  Readiness  in an Era of Digital Disruption:  A Discussion  with Shelly Bruce, Chief, Communications Security Establishment",https://www.cigionline.org/multimedia/enhancing-cybersecurity-readiness-era-digital-disruption-discussion-shelly-bruce-chief/,MultimediaPage,"removed ""Surveillance"""
False,topic_removal,"Ethical Hackers Deserve Plaudits, Not Punishment",https://www.cigionline.org/articles/ethical-hackers-deserve-plaudits-not-punishment/,ArticlePage,"removed ""Surveillance"""
False,topic_removal,Europe at a Crossroads over Planned Use of Biometrics,https://www.cigionline.org/articles/europe-at-a-crossroads-over-planned-use-of-biometrics/,ArticlePage,"removed ""Surveillance"""
False,topic_removal,Factbox: Hacks and Facts - 10 Things You Didn't Know about Data Privacy,https://www.cigionline.org/articles/factbox-hacks-and-facts-10-things-you-didnt-know-about-data-privacy/,ArticlePage,"removed ""Surveillance"""
False,topic_removal,Five Things to Know About the Clearview AI Findings,https://www.cigionline.org/articles/five-things-know-about-clearview-ai-findings/,ArticlePage,"removed ""Surveillance"""
False,topic_removal,"For Rights Defenders, Cyber Is the New Battleground",https://www.cigionline.org/articles/for-rights-defenders-cyber-is-the-new-battleground/,ArticlePage,"removed ""Surveillance"""
False,topic_removal,From NAFTA to Surveillance Capitalism: USMCA’s Digital Order,https://www.cigionline.org/publications/from-nafta-to-surveillance-capitalism-usmcas-digital-order/,PublicationPage,"removed ""Surveillance"""
False,topic_removal,From the Ashes,https://www.cigionline.org/articles/ashes/,ArticlePage,"removed ""Surveillance"""
False,topic_removal,Getting beyond Norms: New Approaches to International Cyber Security Challenges,https://www.cigionline.org/publications/getting-beyond-norms-new-approaches-international-cyber-security-challenges/,PublicationPage,"removed ""Surveillance"""
False,topic_removal,"Global majority backs a ban on ‘dark net,’ poll says ",https://www.cigionline.org/articles/global-majority-backs-ban-dark-net-poll-says/,ArticlePage,"removed ""Surveillance"""
False,topic_removal,Global privacy trends: Citizens prepared to give up data for ‘national security’,https://www.cigionline.org/articles/global-privacy-trends-citizens-prepared-give-data-national-security/,ArticlePage,"removed ""Surveillance"""
False,topic_removal,"“Go Hard, Go Early”: Human Security, Economic Security and New Zealand’s Response to COVID-19",https://www.cigionline.org/articles/go-hard-go-early-human-security-economic-security-and-new-zealands-response-covid-19/,ArticlePage,"removed ""Surveillance"""
False,topic_removal,"Governance: Institutions, Processes and People",https://www.cigionline.org/articles/governance-institutions-processes-and-people/,ArticlePage,"removed ""Surveillance"""
False,topic_removal,Governing Cyberspace during a Crisis in Trust,https://www.cigionline.org/publications/governing-cyberspace-during-crisis-trust/,PublicationPage,"removed ""Surveillance"""
False,topic_removal,Governing Cyberspace during a Crisis in Trust,https://www.cigionline.org/articles/governing-cyberspace-during-crisis-trust-0/,ArticlePage,"removed ""Surveillance"""
False,topic_removal,Government and industry must find middle ground on encryption,https://www.cigionline.org/articles/government-and-industry-must-find-middle-ground-encryption/,ArticlePage,"removed ""Surveillance"""
False,topic_removal,How Clearview AI Could Violate Copyright Law,https://www.cigionline.org/articles/how-clearview-ai-could-violate-copyright-law/,ArticlePage,"removed ""Surveillance"""
False,topic_removal,How COVID-19 Is Accelerating the Shift Toward a Quantified Society,https://www.cigionline.org/articles/how-covid-19-accelerating-shift-toward-quantified-society/,ArticlePage,"removed ""Surveillance"""
False,topic_removal,How Facial Recognition Technology Permeated Everyday Life,https://www.cigionline.org/articles/how-facial-recognition-technology-permeated-everyday-life/,ArticlePage,"removed ""Surveillance"""
False,topic_removal,How to Immunize Global Security from Re-Infection: How COVID-19 Will Transform the Global Security System and Impacts for Canada,https://www.cigionline.org/events/how-immunize-global-security-re-infection-how-covid-19-will-transform-global-security-system/,EventPage,"removed ""Surveillance"""
False,topic_removal,Identity in a “Phygital” World: Why the Shift to Machine-Readable Humans Demands Better Digital ID Governance,https://www.cigionline.org/articles/identity-in-a-phygital-world-why-the-shift-to-machine-readable-humans-demands-better-digital-id-governance/,ArticlePage,"removed ""Surveillance"""
False,topic_removal,"In Saudi Arabia, Digital Repression Has a Uniquely Gendered Aspect",https://www.cigionline.org/articles/in-saudi-arabia-digital-repression-has-a-uniquely-gendered-aspect/,ArticlePage,"removed ""Surveillance"""
False,topic_removal,International Security Remains Contagious: COVID-19’s Lasting Impacts on Security and Intelligence in the Five Eyes,https://www.cigionline.org/events/international-security-remains-contagious-covid-19s-lasting-impacts-security-and/,EventPage,"removed ""Surveillance"""
False,topic_removal,Internet trust evaporating - survey,https://www.cigionline.org/articles/internet-trust-evaporating-survey/,ArticlePage,"removed ""Surveillance"""
False,topic_removal,"Internet: Between govts and criminals, its growth is compromised",https://www.cigionline.org/articles/internet-between-govts-and-criminals-its-growth-compromised/,ArticlePage,"removed ""Surveillance"""
False,topic_removal,Ipsos Poll: Dark Web Should Be Banned,https://www.cigionline.org/articles/ipsos-poll-dark-web-should-be-banned/,ArticlePage,"removed ""Surveillance"""
False,topic_removal,Is Sidewalk Labs Doing Enough to Protect Privacy? No,https://www.cigionline.org/articles/sidewalk-labs-doing-enough-protect-privacy-no/,ArticlePage,"removed ""Surveillance"""
False,topic_removal,It’s Time for Canada to Ban Social Media Apps on Government-Issued Devices,https://www.cigionline.org/articles/its-time-for-canada-to-ban-social-media-apps-on-government-issued-devices/,ArticlePage,"removed ""Surveillance"""
False,topic_removal,It’s Time to End Facebook’s Power-Hungry Pursuit of Data,https://www.cigionline.org/articles/its-time-end-facebooks-power-hungry-pursuit-data/,ArticlePage,"removed ""Surveillance"""
False,topic_removal,Johann Hari Knows You Won’t Be Able to Finish This Episode without Checking Your Phone,https://www.cigionline.org/big-tech/johann-hari-knows-you-wont-be-able-to-finish-this-episode-without-checking-your-phone/,MultimediaPage,"removed ""Surveillance"""
False,topic_removal,Legitimate Influence or Unlawful Manipulation?,https://www.cigionline.org/publications/publication-series/legitimate-influence-or-unlawful-manipulation/,PublicationSeriesPage,"removed ""Surveillance"""
False,topic_removal,"Let’s Face the Facts: To Ensure Our Digital Rights, We Must Hit Pause on Facial Recognition Technology",https://www.cigionline.org/articles/lets-face-facts-ensure-our-digital-rights-we-must-hit-pause-facial-recognition-technology/,ArticlePage,"removed ""Surveillance"""
False,topic_removal,"Look Who’s Watching: Surveillance, Treachery and Trust Online",https://www.cigionline.org/publications/look-whos-watching-surveillance-treachery-and-trust-online/,PublicationPage,"removed ""Surveillance"""
False,topic_removal,"Look Who’s Watching: Surveillance, Treachery and Trust Online",https://www.cigionline.org/publications/look-whos-watching-surveillance-treachery-and-trust-online-0/,PublicationPage,"removed ""Surveillance"""
False,topic_removal,"Look Who’s Watching: Surveillance, Treachery and Trust Online",https://www.cigionline.org/events/look-whos-watching-surveillance-treachery-and-trust-online-0/,EventPage,"removed ""Surveillance"""
False,topic_removal,"Look Who’s Watching: Surveillance, Treachery and Trust Online",https://www.cigionline.org/multimedia/look-whos-watching-surveillance-treachery-and-trust-online/,MultimediaPage,"removed ""Surveillance"""
False,topic_removal,"Minding the FLoCs: Google’s Marketing Moves, AI, Privacy and the Data Commons",https://www.cigionline.org/articles/minding-flocs-googles-marketing-moves-ai-privacy-and-data-commons/,ArticlePage,"removed ""Surveillance"""
False,topic_removal,Most of the world is against 'unhackable' technology like the iPhone Apple wants to build,https://www.cigionline.org/articles/most-world-against-unhackable-technology-iphone-apple-wants-build/,ArticlePage,"removed ""Surveillance"""
False,topic_removal,Most people want authorities to shut down the Dark Web,https://www.cigionline.org/articles/most-people-want-authorities-shut-down-dark-web/,ArticlePage,"removed ""Surveillance"""
False,topic_removal,Most People Would Like to See the Dark Web Shut Down,https://www.cigionline.org/articles/most-people-would-see-dark-web-shut-down/,ArticlePage,"removed ""Surveillance"""
False,topic_removal,Mutale Nkonde on How Biased Tech Design and Racial Disparity Intersect,https://www.cigionline.org/big-tech/mutale-nkonde-how-biased-tech-design-and-racial-disparity-intersect/,MultimediaPage,"removed ""Surveillance"""
False,topic_removal,National security 'more important' than privacy,https://www.cigionline.org/articles/national-security-more-important-privacy/,ArticlePage,"removed ""Surveillance"""
False,topic_removal,National Security Challenges in the Twenty-First Century: A Discussion with Vincent Rigby,https://www.cigionline.org/multimedia/national-security-challenges-in-the-21st-century-a-discussion-with-vincent-rigby/,MultimediaPage,"removed ""Surveillance"""
False,topic_removal,National security vs digital privacy: Most citizens would side with gov't ,https://www.cigionline.org/articles/national-security-vs-digital-privacy-most-citizens-would-side-govt/,ArticlePage,"removed ""Surveillance"""
False,topic_removal,"National Security, Economic Prosperity and Canada’s Future",https://www.cigionline.org/events/national-security-economic-prosperity-and-canadas-future/,EventPage,"removed ""Surveillance"""
False,topic_removal,Navigating the Future of National Security,https://www.cigionline.org/multimedia/navigating-the-future-of-national-security/,MultimediaPage,"removed ""Surveillance"""
False,topic_removal,Notification: Apps Won’t Contain the Outbreak of COVID-19,https://www.cigionline.org/articles/notification-apps-wont-contain-outbreak-covid-19/,ArticlePage,"removed ""Surveillance"""
False,topic_removal,On the Consequences of Sharing Classified Material with the House of Commons,https://www.cigionline.org/articles/on-the-consequences-of-sharing-classified-material-with-the-house-of-commons/,ArticlePage,"removed ""Surveillance"""
False,topic_removal,Patching Our Digital Future Is Unsustainable and Dangerous,https://www.cigionline.org/publications/patching-our-digital-future-unsustainable-and-dangerous/,PublicationPage,"removed ""Surveillance"""
False,topic_removal,Patching Our Digital Future Is Unsustainable and Dangerous,https://www.cigionline.org/articles/patching-our-digital-future-unsustainable-and-dangerous/,ArticlePage,"removed ""Surveillance"""
False,topic_removal,Pathways to the Sound Use of Border Security Technologies in North America,https://www.cigionline.org/publications/pathways-to-the-sound-use-of-border-security-technologies-in-north-america/,PublicationPage,"removed ""Surveillance"""
False,topic_removal,"Platform Capitalism, Empire and Authoritarianism: Is There a Way Out?",https://www.cigionline.org/articles/platform-capitalism-empire-and-authoritarianism-there-way-out/,ArticlePage,"removed ""Surveillance"""
False,topic_removal,Poll: Strong global majority backs dark Web ban,https://www.cigionline.org/articles/poll-strong-global-majority-backs-dark-web-ban/,ArticlePage,"removed ""Surveillance"""
False,topic_removal,Privacy and Security Go Hand in Hand—We Need to Treat Them That Way,https://www.cigionline.org/articles/privacy-and-security-go-hand-hand-we-need-treat-them-way/,ArticlePage,"removed ""Surveillance"""
False,topic_removal,Privacy Fears Undermine Internet Trust – Report,https://www.cigionline.org/articles/privacy-fears-undermine-internet-trust-report/,ArticlePage,"removed ""Surveillance"""
False,topic_removal,Privacy in the Precision Economy: The Rise of AI-Enabled Workplace Surveillance during the Pandemic,https://www.cigionline.org/articles/privacy-in-the-precision-economy-the-rise-of-ai-enabled-workplace-surveillance-during-the-pandemic/,ArticlePage,"removed ""Surveillance"""
False,topic_removal,“Privacy Is Like Yoga” — and Other Myths,https://www.cigionline.org/articles/privacy-is-like-yoga-and-other-myths/,ArticlePage,"removed ""Surveillance"""
False,topic_removal,Protecting Freedom of Thought in the Digital Age,https://www.cigionline.org/publications/protecting-freedom-of-thought-in-the-digital-age/,PublicationPage,"removed ""Surveillance"""
False,topic_removal,Protecting the Core of Canadian Values in the Digital Realm,https://www.cigionline.org/articles/protecting-core-canadian-values-digital-realm/,ArticlePage,"removed ""Surveillance"""
False,topic_removal,Public Sector Leadership and Governance,https://www.cigionline.org/events/public-sector-leadership-and-governance/,EventPage,"removed ""Surveillance"""
False,topic_removal,Putting Our Bodies Online: The Privacy Risks of Tech Wearables,https://www.cigionline.org/articles/putting-our-bodies-online-the-privacy-risks-of-tech-wearables/,ArticlePage,"removed ""Surveillance"""
False,topic_removal,Q&A With Eric Jardine: Examining The Pros & Cons Of The Dark Web,https://www.cigionline.org/articles/qa-eric-jardine-examining-pros-cons-dark-web/,ArticlePage,"removed ""Surveillance"""
False,topic_removal,Regulatory Hacking: Adaptation in the Era of Regulated Industries,https://www.cigionline.org/events/regulatory-hacking-adaptation-era-regulated-industries/,EventPage,"removed ""Surveillance"""
False,topic_removal,Replacing Canada’s 20-Year-Old Data Protection Law,https://www.cigionline.org/articles/replacing-canadas-20-year-old-data-protection-law/,ArticlePage,"removed ""Surveillance"""
False,topic_removal,Risques terroristes: faut-il fermer le Darknet?,https://www.cigionline.org/articles/risques-terroristes-faut-il-fermer-le-darknet/,ArticlePage,"removed ""Surveillance"""
False,topic_removal,Ron Deibert on Resetting Our Relationship with Technology,https://www.cigionline.org/big-tech/ron-deibert-resetting-our-relationship-technology/,MultimediaPage,"removed ""Surveillance"""
False,topic_removal,Round Table on Ontario's Digital and Data Strategy,https://www.cigionline.org/events/round-table-on-ontarios-digital-and-data-strategy/,EventPage,"removed ""Surveillance"""
False,topic_removal,Safeguarding Privacy and Preserving Freedom of Thought in Canada: A Call to Action,https://www.cigionline.org/articles/safeguarding-privacy-and-preserving-freedom-of-thought-in-canada-a-call-to-action/,ArticlePage,"removed ""Surveillance"""
False,topic_removal,Shifting Powers: A Discussion with NORAD on Innovation and the Evolving Threatscape,https://www.cigionline.org/events/shifting-powers-discussion-norad-innovation-and-evolving-threatscape/,EventPage,"removed ""Surveillance"""
False,topic_removal,Shifting Powers: A Discussion with NORAD on Innovation and the Evolving Threatscape,https://www.cigionline.org/multimedia/shifting-powers-discussion-norad-innovation-and-evolving-threatscape/,MultimediaPage,"removed ""Surveillance"""
False,topic_removal,"Shoshana Zuboff on the Undetectable, Indecipherable World of Surveillance Capitalism",https://www.cigionline.org/articles/shoshana-zuboff-undetectable-indecipherable-world-surveillance-capitalism/,ArticlePage,"removed ""Surveillance"""
False,topic_removal,Should the Dark Net be shut down?,https://www.cigionline.org/articles/should-dark-net-be-shut-down/,ArticlePage,"removed ""Surveillance"""
False,topic_removal,Should We Use Digital Contact Tracing at All?,https://www.cigionline.org/articles/should-we-use-digital-contact-tracing-all/,ArticlePage,"removed ""Surveillance"""
False,topic_removal,"Shut Down the Dark Web? Survey Says ...Yes, Please",https://www.cigionline.org/articles/shut-down-dark-web-survey-says-yes-please/,ArticlePage,"removed ""Surveillance"""
False,topic_removal,Sidewalk's 'Smart City' Could've Succeeded Somewhere Normal. But This Is Toronto,https://www.cigionline.org/articles/sidewalks-smart-city-couldve-succeeded-somewhere-normal-toronto/,ArticlePage,"removed ""Surveillance"""
False,topic_removal,State and Surveillance,https://www.cigionline.org/articles/state-and-surveillance/,ArticlePage,"removed ""Surveillance"""
False,topic_removal,Strengthening National Security and Privacy in the Digital Era: A Discussion with Privacy Commissioner of Canada Daniel Therrien,https://www.cigionline.org/multimedia-series/speaker-series/strengthening-national-security-and-privacy-in-the-digital-era-a-discussion-with-privacy-commissioner-of-canada-daniel-therrien/,MultimediaPage,"removed ""Surveillance"""
False,topic_removal,Surveillance Capitalism,https://www.cigionline.org/events/surveillance-capitalism/,EventPage,"removed ""Surveillance"""
False,topic_removal,Surveillance Capitalism,https://www.cigionline.org/multimedia/surveillance-capitalism/,MultimediaPage,"removed ""Surveillance"""
False,topic_removal,Surveillance Capitalism Wasn’t Built by Powerful Companies Alone,https://www.cigionline.org/articles/surveillance-capitalism-wasnt-built-powerful-companies-alone/,ArticlePage,"removed ""Surveillance"""
False,topic_removal,"Survey: World Worried About Data Collection, Sale  - Survey",https://www.cigionline.org/articles/survey-world-worried-about-data-collection-sale-survey/,ArticlePage,"removed ""Surveillance"""
False,topic_removal,Tackling Cyber-enabled Crime Will Require Public-Private Leadership,https://www.cigionline.org/articles/tackling-cyber-enabled-crime-will-require-public-private-leadership/,ArticlePage,"removed ""Surveillance"""
False,topic_removal,Taylor Owen on Six Insights from Season Three,https://www.cigionline.org/big-tech/taylor-owen-on-six-insights-from-season-three/,MultimediaPage,"removed ""Surveillance"""
False,topic_removal,Technological Threats to Our Freedom of Thought,https://www.cigionline.org/multimedia/technological-threats-to-our-freedom-of-thought/,MultimediaPage,"removed ""Surveillance"""
False,topic_removal,Technology-Facilitated Mind Hacking: Protection of Inner Freedoms in Canadian Law,https://www.cigionline.org/publications/technology-facilitated-mind-hacking-protection-of-inner-freedoms-in-canadian-law/,PublicationPage,"removed ""Surveillance"""
False,topic_removal,"The “Adequacy” Test: Canada’s Privacy Protection Regime Passes, but the Exam Is Still On",https://www.cigionline.org/articles/the-adequacy-test-canadas-privacy-protection-regime-passes-but-the-exam-is-still-on/,ArticlePage,"removed ""Surveillance"""
False,topic_removal,The Brain Is Not a Computer,https://www.cigionline.org/big-tech/the-brain-is-not-a-computer/,MultimediaPage,"removed ""Surveillance"""
False,topic_removal,The Business and Societal Case for Privacy,https://www.cigionline.org/articles/business-and-societal-case-privacy/,ArticlePage,"removed ""Surveillance"""
False,topic_removal,The Council of Europe’s Modernized Convention on Personal Data Protection: Why Canada Should Consider Accession,https://www.cigionline.org/publications/council-europes-modernized-convention-personal-data-protection-why-canada-should/,PublicationPage,"removed ""Surveillance"""
False,topic_removal,The Digital Response to the Outbreak of COVID-19,https://www.cigionline.org/articles/digital-response-outbreak-covid-19/,ArticlePage,"removed ""Surveillance"""
False,topic_removal,"The DOJ Wants to Stop Drug Sales on the Dark Web, but That’s a Tough Task",https://www.cigionline.org/articles/doj-wants-stop-drug-sales-dark-web-thats-tough-task/,ArticlePage,"removed ""Surveillance"""
False,topic_removal,The Dual-Use Challenge of Open-Source Intelligence,https://www.cigionline.org/articles/dual-use-challenge-open-source-intelligence/,ArticlePage,"removed ""Surveillance"""
False,topic_removal,The Importance of Surveillance and Stockpiles in the War Against COVID-19,https://www.cigionline.org/articles/importance-surveillance-and-stockpiles-war-against-covid-19/,ArticlePage,"removed ""Surveillance"""
False,topic_removal,The Intersection of Digital Rights and Technology: Charting the Path Forward,https://www.cigionline.org/events/the-intersection-of-digital-rights-technology-charting-the-path-forward/,EventPage,"removed ""Surveillance"""
False,topic_removal,The Privatization of Migration Control,https://www.cigionline.org/articles/privatization-migration-control/,ArticlePage,"removed ""Surveillance"""
False,topic_removal,The Promises and Perils of Predictive Policing,https://www.cigionline.org/articles/the-promises-and-perils-of-predictive-policing/,ArticlePage,"removed ""Surveillance"""
False,topic_removal,"The System Was Not Blinking Red: Intelligence, Early Warning and Risk Assessment in a Pandemic Crisis",https://www.cigionline.org/articles/system-was-not-blinking-red-intelligence-early-warning-and-risk-assessment-pandemic-crisis/,ArticlePage,"removed ""Surveillance"""
False,topic_removal,The Value of Controlled Anonymity,https://www.cigionline.org/articles/value-controlled-anonymity/,ArticlePage,"removed ""Surveillance"""
False,topic_removal,Third Party Record Exemptions in Canada’s Access to Information Act,https://www.cigionline.org/publications/third-party-record-exemptions-in-canadas-access-to-information-act/,PublicationPage,"removed ""Surveillance"""
False,topic_removal,Toward a Term-setting Future: Five Moves to Devassalize Canada ,https://www.cigionline.org/articles/toward-term-setting-future-five-moves-devassalize-canada/,ArticlePage,"removed ""Surveillance"""
False,topic_removal,Toward an International Agenda to Protect the Forum Internum,https://www.cigionline.org/publications/toward-an-international-agenda-to-protect-the-forum-internum/,PublicationPage,"removed ""Surveillance"""
False,topic_removal,"UN Cybercrime Convention: Authoritarian Push, or a Boost for Developing Countries?",https://www.cigionline.org/articles/un-cybercrime-convention-authoritarian-push-or-a-boost-for-developing-countries/,ArticlePage,"removed ""Surveillance"""
False,topic_removal,Underserved or Oversurveilled: Can We Strike a Balance When Regulating Tech?,https://www.cigionline.org/articles/underserved-or-oversurveilled-can-we-strike-balance-when-regulating-tech/,ArticlePage,"removed ""Surveillance"""
False,topic_removal,Understanding Digital Intelligence and the Norms That Might Govern It,https://www.cigionline.org/publications/understanding-digital-intelligence-and-norms-might-govern-it/,PublicationPage,"removed ""Surveillance"""
False,topic_removal,Ungoverned Space: How Surveillance Capitalism and AI Undermine Democracy,https://www.cigionline.org/articles/ungoverned-space/,ArticlePage,"removed ""Surveillance"""
False,topic_removal,Updated Privacy Policies After Facebook Scandal Leave Room for Improvement,https://www.cigionline.org/articles/updated-privacy-policies-after-facebook-scandal-leave-room-improvement/,ArticlePage,"removed ""Surveillance"""
False,topic_removal,"US Intelligence, the Coronavirus and the Age of Globalized Challenges",https://www.cigionline.org/articles/us-intelligence-coronavirus-and-age-globalized-challenges/,ArticlePage,"removed ""Surveillance"""
False,topic_removal,"VIDEO: On the Internet, Everybody Knows You Are a Dog",https://www.cigionline.org/multimedia/video-internet-everybody-knows-you-are-dog/,MultimediaPage,"removed ""Surveillance"""
False,topic_removal,"VIDEO: Security, Intelligence and the Global Health Crisis",https://www.cigionline.org/multimedia/video-security-intelligence-and-global-health-crisis/,MultimediaPage,"removed ""Surveillance"""
False,topic_removal,Waterloo Security Dialogue,https://www.cigionline.org/multimedia/waterloo-security-dialogue/,MultimediaPage,"removed ""Surveillance"""
False,topic_removal,We Don’t Need New “Neurorights” — We Need to Apply the Law,https://www.cigionline.org/articles/we-dont-need-new-neurorights-we-need-to-apply-the-law/,ArticlePage,"removed ""Surveillance"""
False,topic_removal,What Is Online Gender-Based Violence?,https://www.cigionline.org/multimedia/what-is-online-gender-based-violence/,MultimediaPage,"removed ""Surveillance"""
False,topic_removal,What’s Really at Stake with Vaccine Passports,https://www.cigionline.org/articles/whats-really-stake-vaccine-passports/,ArticlePage,"removed ""Surveillance"""
False,topic_removal,Who looks over your shoulder?,https://www.cigionline.org/articles/who-looks-over-your-shoulder/,ArticlePage,"removed ""Surveillance"""
False,topic_removal,Who’s Afraid of the Digital Renminbi?,https://www.cigionline.org/articles/whos-afraid-digital-renminbi/,ArticlePage,"removed ""Surveillance"""
False,topic_removal,Why Canada Is Playing Catch-up When It Comes to Protecting Your Privacy,https://www.cigionline.org/articles/why-canada-playing-catch-when-it-comes-protecting-your-privacy/,ArticlePage,"removed ""Surveillance"""
False,topic_removal,Why Doesn’t TikTok Get Policy Makers’ Attention?,https://www.cigionline.org/articles/why-doesnt-tiktok-get-policy-makers-attention/,ArticlePage,"removed ""Surveillance"""
False,topic_removal,A New Age of Finance,https://www.cigionline.org/publications/a-new-age-of-finance/,PublicationPage,"removed ""Competition"""
False,topic_removal,A Sovereign Advisory System for Canada: Rebuilding Strategic Foresight in Trade and Innovation,https://www.cigionline.org/articles/a-sovereign-advisory-system-for-canada-rebuilding-strategic-foresight-in-trade-and-innovation/,ArticlePage,"removed ""Competition"""
False,topic_removal,Aftershocks: Disruptive Growth in Low Earth Orbit Creates New Policy Challenges,https://www.cigionline.org/publications/aftershocks-disruptive-growth-in-low-earth-orbit-creates-new-policy-challenges/,PublicationPage,"removed ""Competition"""
False,topic_removal,AI Benefit Sharing and the International Telecommunication Union,https://www.cigionline.org/publications/ai-benefit-sharing-and-the-international-telecommunication-union/,PublicationPage,"removed ""Competition"""
False,topic_removal,AI Governance and the Geopolitics of Extraction,https://www.cigionline.org/publications/ai-governance-and-the-geopolitics-of-extraction/,PublicationPage,"removed ""Competition"""
False,topic_removal,Are Canada's competition laws outdated? Some say it's time for change,https://www.cigionline.org/articles/are-canadas-competition-laws-outdated-some-say-its-time-for-change/,ArticlePage,"removed ""Competition""; page now has no topics left"
False,topic_removal,"As AI Disrupts Big Tech, Search Still Needs Regulation",https://www.cigionline.org/articles/as-ai-disrupts-big-tech-search-still-needs-regulation/,ArticlePage,"removed ""Competition"""
False,topic_removal,"As Canada Moves toward Open Banking, Consumers Must Be at the Table",https://www.cigionline.org/articles/as-canada-moves-toward-open-banking-consumers-must-be-at-the-table/,ArticlePage,"removed ""Competition"""
False,topic_removal,"As Geopolitical Blocs Vie for Primacy in Space, the History of Colonization Looms Large",https://www.cigionline.org/articles/as-geopolitical-blocs-vie-for-primacy-in-space-the-history-of-colonization-looms-large/,ArticlePage,"removed ""Competition"""
False,topic_removal,"Big Tech, Venture Capital and Shaping Innovation in Canada’s Tech Start-Ups",https://www.cigionline.org/publications/big-tech-venture-capital-and-shaping-innovation-in-canadas-tech-start-ups/,PublicationPage,"removed ""Competition"""
False,topic_removal,Bridging the AI Policy Gap: Perspectives from Canada’s Builders,https://www.cigionline.org/articles/bridging-the-ai-policy-gap-perspectives-from-canadas-builders/,ArticlePage,"removed ""Competition"""
False,topic_removal,Canada must make smart investments in these stupid times,https://www.cigionline.org/articles/canada-must-make-smart-investments-in-these-stupid-times/,ArticlePage,"removed ""Competition"""
False,topic_removal,Canada Needs a Modernized Competition Law,https://www.cigionline.org/articles/canada-needs-a-modernized-competition-law/,ArticlePage,"removed ""Competition"""
False,topic_removal,Canada Needs a National Strategy on the Future of Innovation,https://www.cigionline.org/articles/canada-needs-a-national-strategy-on-the-future-of-innovation/,ArticlePage,"removed ""Competition"""
False,topic_removal,Canada Needs to Use Government Procurement to Boost Innovation,https://www.cigionline.org/articles/canada-needs-to-use-government-procurement-to-boost-innovation/,ArticlePage,"removed ""Competition"""
False,topic_removal,"Canada’s Budget 2022 Offers Competition Reforms, but the Real Fight Lies Ahead",https://www.cigionline.org/articles/canadas-budget-2022-offers-competition-reforms-but-the-real-fight-lies-ahead/,ArticlePage,"removed ""Competition"""
False,topic_removal,Canada’s Competition Law: Is It Really Up to the Task?,https://www.cigionline.org/articles/canadas-competition-law-is-it-really-up-to-the-task/,ArticlePage,"removed ""Competition"""
False,topic_removal,Canada’s Grand Strategy in a Multipolar World,https://www.cigionline.org/articles/canadas-grand-strategy-in-a-multipolar-world/,ArticlePage,"removed ""Competition"""
False,topic_removal,Canadian Productivity Lecture Series Aims to Address Declining Standard of Living,https://www.cigionline.org/articles/canadian-productivity-lecture-series-aims-to-address-declining-standard-of-living/,ArticlePage,"removed ""Competition""; page now has no topics left"
False,topic_removal,Canadians Deserve Laws That Better Protect Competition,https://www.cigionline.org/articles/canadians-deserve-laws-that-better-protect-competition/,ArticlePage,"removed ""Competition""; page now has no topics left"
False,topic_removal,China’s Changing Approach to Digital Trade,https://www.cigionline.org/articles/chinas-changing-approach-to-digital-trade/,ArticlePage,"removed ""Competition"""
False,topic_removal,Chinese EVs in Canada? Keep Calm and Carry On,https://www.cigionline.org/articles/chinese-evs-in-canada-keep-calm-and-carry-on/,ArticlePage,"removed ""Competition"""
False,topic_removal,Closing the Global North-South Gap in the Second Space Age,https://www.cigionline.org/publications/closing-the-global-north-south-gap-in-the-second-space-age/,PublicationPage,"removed ""Competition"""
False,topic_removal,Competing Ideas: Canada’s Competition Reform Conversation,https://www.cigionline.org/publications/competing-ideas-canadas-competition-reform-conversation/,PublicationPage,"removed ""Competition""; page now has no topics left"
False,topic_removal,Competing Ideas: Canada’s Competition Reform Conversation,https://www.cigionline.org/multimedia/competing-ideas-canadas-competition-reform-conversation/,MultimediaPage,"removed ""Competition""; page now has no topics left"
False,topic_removal,Competition and Data Protection among Mobile Network Operators,https://www.cigionline.org/articles/competition-and-data-protection-among-mobile-network-operators/,ArticlePage,"removed ""Competition"""
False,topic_removal,Competition and the Valuation of Data,https://www.cigionline.org/articles/competition-and-the-valuation-of-data/,ArticlePage,"removed ""Competition"""
False,topic_removal,Competition Bureau remains firm in its decision to challenge proposed Rogers-Shaw merger,https://www.cigionline.org/articles/competition-bureau-remains-firm-in-its-decision-to-challenge-proposed-rogers-shaw-merger/,ArticlePage,"removed ""Competition""; page now has no topics left"
False,topic_removal,"Competition Law, Digitalization and Platforms: Separating the Old Challenges from the New",https://www.cigionline.org/articles/competition-law-digitalization-and-platforms-separating-the-old-challenges-from-the-new/,ArticlePage,"removed ""Competition"""
False,topic_removal,Competition Policy Explained,https://www.cigionline.org/multimedia/competition-policy-explained/,MultimediaPage,"removed ""Competition""; page now has no topics left"
False,topic_removal,Competition Policy Series: The Competition Act and Canada’s Digital Future,https://www.cigionline.org/multimedia/competition-policy-series-the-competition-act-and-canadas-digital-future/,MultimediaPage,"removed ""Competition"""
False,topic_removal,Competition Policy Series: What Can Canada Learn from International Developments in Competition Policy?,https://www.cigionline.org/multimedia/competition-policy-series-what-can-canada-learn-from-international-developments-in-competition-policy/,MultimediaPage,"removed ""Competition"""
False,topic_removal,Competition Policy Series: What Steps Must Canada Take to Address the Challenges from Digital Technologies?,https://www.cigionline.org/multimedia/competition-policy-series-what-steps-must-canada-take-to-address-the-challenges-from-digital-technologies/,MultimediaPage,"removed ""Competition"""
False,topic_removal,Coupang v. South Korea: When a Data Breach Becomes a Geopolitical Standoff,https://www.cigionline.org/articles/coupang-v-south-korea-when-a-data-breach-becomes-a-geopolitical-standoff/,ArticlePage,"removed ""Competition"""
False,topic_removal,DeepSeek just changed the AI Game — but is Canada even playing?,https://www.cigionline.org/articles/deepseek-just-changed-the-ai-game-but-is-canada-even-playing/,ArticlePage,"removed ""Competition"""
False,topic_removal,Defending Innovation Against Lockout,https://www.cigionline.org/articles/defending-innovation-against-lockout/,ArticlePage,"removed ""Competition"""
False,topic_removal,Developing Safety Standards for an International Agreement on Advanced AI,https://www.cigionline.org/publications/developing-safety-standards-for-an-international-agreement-on-advanced-ai/,PublicationPage,"removed ""Competition"""
False,topic_removal,Digital Dollarization: Stablecoins and Canada’s Monetary Sovereignty,https://www.cigionline.org/publications/digital-dollarization-stablecoins-and-canadas-monetary-sovereignty/,PublicationPage,"removed ""Competition"""
False,topic_removal,Digital Governance in China: Trends in Generative AI and Digital Assets,https://www.cigionline.org/publications/digital-governance-in-china-trends-in-generative-ai-and-digital-assets/,PublicationPage,"removed ""Competition"""
False,topic_removal,Ensuring Stability in Lunar Activities,https://www.cigionline.org/publications/ensuring-stability-in-lunar-activities/,PublicationPage,"removed ""Competition"""
False,topic_removal,Fair Competition for an Evolving Economy,https://www.cigionline.org/publications/fair-competition-for-an-evolving-economy/,PublicationPage,"removed ""Competition"""
False,topic_removal,"For Canada to Remain Prosperous, We Must Invest to Win",https://www.cigionline.org/articles/for-canada-to-remain-prosperous-we-must-invest-to-win/,ArticlePage,"removed ""Competition"""
False,topic_removal,From Brain Drain To Brain Gain: H1B Is India’s Opportunity To Outflank US In AI Race,https://www.cigionline.org/articles/from-brain-drain-to-brain-gain-h1b-is-indias-opportunity-to-outflank-us-in-ai-race/,ArticlePage,"removed ""Competition"""
False,topic_removal,From Brain Drain to Brain Gain: How India Can Outflank the US in AI,https://www.cigionline.org/articles/from-brain-drain-to-brain-gain-how-india-can-outflank-the-us-in-ai/,ArticlePage,"removed ""Competition""; page now has no topics left"
False,topic_removal,Geopolitical Ambitions and Rule Contestations in Space Governance,https://www.cigionline.org/publications/geopolitical-ambitions-and-rule-contestations-in-space-governance/,PublicationPage,"removed ""Competition"""
False,topic_removal,Google’s Move to Retain Cookies Puts the Onus on Regulators,https://www.cigionline.org/articles/googles-move-to-retain-cookies-puts-the-onus-on-regulators/,ArticlePage,"removed ""Competition"""
False,topic_removal,Google’s Search Decision Came at a Pivotal Moment in the Antitrust Movement,https://www.cigionline.org/articles/googles-search-decision-came-at-a-pivotal-moment-in-the-antitrust-movement/,ArticlePage,"removed ""Competition"""
False,topic_removal,"If Elon Musk Can’t Make Apple and Google Change Their App Stores, Who Will?",https://www.cigionline.org/articles/if-elon-musk-cant-make-apple-and-google-change-their-app-stores-who-will/,ArticlePage,"removed ""Competition"""
False,topic_removal,Is Competition Tribunal’s Decision on Rogers-Shaw on a Collision Course with the CRTC?,https://www.cigionline.org/articles/is-competition-tribunals-decision-on-rogers-shaw-on-a-collision-course-with-the-crtc/,ArticlePage,"removed ""Competition""; page now has no topics left"
False,topic_removal,Locating Canada in Industry 4.0: Barriers and Opportunities,https://www.cigionline.org/publications/locating-canada-in-industry-40-barriers-and-opportunities/,PublicationPage,"removed ""Competition"""
False,topic_removal,Merger Policy for a Dynamic and Digital Canadian Economy,https://www.cigionline.org/publications/merger-policy-for-a-dynamic-and-digital-canadian-economy/,PublicationPage,"removed ""Competition"""
False,topic_removal,"On Rogers-Shaw, Canada’s Competition Watchdog Should Heed Parliament’s Advice",https://www.cigionline.org/articles/on-rogers-shaw-canadas-competition-watchdog-should-heed-parliaments-advice/,ArticlePage,"removed ""Competition"""
False,topic_removal,Opaque Firms Haven’t Earned Consumer Loyalty — Let Alone Our Data,https://www.cigionline.org/articles/opaque-firms-havent-earned-consumer-loyalty-let-alone-our-data/,ArticlePage,"removed ""Competition"""
False,topic_removal,Ottawa Rejects Part of Rogers-Shaw Deal,https://www.cigionline.org/articles/ottawa-rejects-part-of-rogers-shaw-deal/,ArticlePage,"removed ""Competition""; page now has no topics left"
False,topic_removal,Personalized Pricing of Dating Apps Is Deceiving: Competition Law May Be the Cure,https://www.cigionline.org/articles/catfishing-prices-on-online-dating-apps-are-a-hook-for-competition-reform/,ArticlePage,"removed ""Competition"""
False,topic_removal,Platform Domination Stifles Competition,https://www.cigionline.org/multimedia/platform-domination-stifles-competition/,MultimediaPage,"removed ""Competition"""
False,topic_removal,Proposed Amendments to Canada’s Competition Act Should Go Further,https://www.cigionline.org/articles/proposed-amendments-to-canadas-competition-act-should-go-further/,ArticlePage,"removed ""Competition""; page now has no topics left"
False,topic_removal,Report Reveals the Extent of Canada’s Competition Problem,https://www.cigionline.org/articles/report-reveals-the-extent-of-canadas-competition-problem/,ArticlePage,"removed ""Competition"""
False,topic_removal,Rethinking Canada’s Competition Policy in a Digital Economy,https://www.cigionline.org/publications/rethinking-canadas-competition-policy-in-a-digital-economy/,PublicationPage,"removed ""Competition"""
False,topic_removal,"SiriusXM's special coverage of the tariff trade war between the United States, Mexico, and Canada",https://www.cigionline.org/articles/siriusxms-special-coverage-of-the-tariff-trade-war-between-the-united-states-mexico-and-canada/,ArticlePage,"removed ""Competition"""
False,topic_removal,Syncing Antitrust and Regulatory Policies to Boost Competition in the Digital Market,https://www.cigionline.org/articles/syncing-antitrust-and-regulatory-policies-boost-competition-digital-market/,ArticlePage,"removed ""Competition"""
False,topic_removal,Tech Sector Mega-mergers Are Curbing Competition,https://www.cigionline.org/articles/tech-sector-mega-mergers-are-curbing-competition/,ArticlePage,"removed ""Competition"""
False,topic_removal,Tech’s Competition Regulators Are Themselves Overdue for Reform,https://www.cigionline.org/articles/techs-competition-regulators-are-themselves-overdue-for-reform/,ArticlePage,"removed ""Competition"""
False,topic_removal,The Canadian business playing field isn’t as fair as you think,https://www.cigionline.org/articles/features-from-pivot-magazine-the-canadian-business-playing-field-isnt-as-fair-as-you-think/,ArticlePage,"removed ""Competition""; page now has no topics left"
False,topic_removal,"The Canadian Standard of Living, Productivity and Innovation Lecture Series",https://www.cigionline.org/multimedia/the-canadian-standard-of-living-productivity-and-innovation-lecture-series/,MultimediaPage,"removed ""Competition""; page now has no topics left"
False,topic_removal,The Competition Cage Match (Vass Bednar and Denise Hearn weigh in),https://www.cigionline.org/pp/the-competition-cage-match-vass-bednar-and-denise-hearn-weigh-in/,MultimediaPage,"removed ""Competition""; page now has no topics left"
False,topic_removal,The DOJ’s Action against Google’s Monopoly Is Long Overdue,https://www.cigionline.org/articles/the-dojs-action-against-googles-monopoly-is-long-overdue/,ArticlePage,"removed ""Competition""; page now has no topics left"
False,topic_removal,"The Dragon and the Elephant: A Geoeconomic Ballet of Risk, Leverage and Opportunity",https://www.cigionline.org/publications/the-dragon-and-the-elephant-a-geoeconomic-ballet-of-risk-leverage-and-opportunity/,PublicationPage,"removed ""Competition"""
False,topic_removal,The Google case shows Canada’s Competition Bureau is meeting the moment,https://www.cigionline.org/articles/the-google-case-shows-canadas-competition-bureau-is-meeting-the-moment/,ArticlePage,"removed ""Competition"""
False,topic_removal,The Next Battleground for the Rogers-Shaw Merger Will Be the CRTC,https://www.cigionline.org/articles/the-next-battleground-for-the-rogers-shaw-merger-will-be-the-crtc/,ArticlePage,"removed ""Competition""; page now has no topics left"
False,topic_removal,The Next Canadian PM′s Growth Plan Must Focus on Innovation,https://www.cigionline.org/articles/the-next-canadian-pms-growth-plan-must-focus-on-innovation/,ArticlePage,"removed ""Competition"""
False,topic_removal,The next prime minister’s growth plan must focus on homegrown innovation,https://www.cigionline.org/articles/the-next-prime-ministers-growth-plan-must-focus-on-homegrown-innovation/,ArticlePage,"removed ""Competition"""
False,topic_removal,Trade Conflicts and Competition Policy in Canada’s Digital Economy,https://www.cigionline.org/publications/trade-conflicts-and-competition-policy-in-canadas-digital-economy/,PublicationPage,"removed ""Competition"""
False,topic_removal,Trump Aims to Curb Chinese Influence in South America,https://www.cigionline.org/articles/trump-aims-to-curb-chinese-influence-in-south-america/,ArticlePage,"removed ""Competition"""
False,topic_removal,Two Tigers in the Forest: India and China,https://www.cigionline.org/articles/two-tigers-in-the-forest-india-and-china/,ArticlePage,"removed ""Competition"""
False,topic_removal,US Case Against Google Has Important Implications for Canadian Consumers,https://www.cigionline.org/articles/us-case-against-google-has-important-implications-for-canadian-consumers/,ArticlePage,"removed ""Competition"""
False,topic_removal,US Department of Justice wants Google to auction off Chrome,https://www.cigionline.org/articles/us-department-of-justice-wants-google-to-auction-off-chrome/,ArticlePage,"removed ""Competition"""
False,topic_removal,Welcome to the post-America world,https://www.cigionline.org/articles/welcome-to-the-post-america-world-/,ArticlePage,"removed ""Competition"""
False,topic_removal,What Is the Competition Bureau’s Vision for the Future of Competition Policy?,https://www.cigionline.org/articles/what-is-the-competition-bureaus-vision-for-the-future-of-competition-policy/,ArticlePage,"removed ""Competition""; page now has no topics left"
False,topic_removal,What’s Ahead for Canada’s Telecom Policy After Rogers-Shaw?,https://www.cigionline.org/articles/whats-ahead-for-canadas-telecom-policy-after-rogers-shaw/,ArticlePage,"removed ""Competition""; page now has no topics left"
False,topic_removal,Who Benefits Most from Data? Levelling Accessibility in Vital Markets,https://www.cigionline.org/publications/who-benefits-most-from-data-levelling-accessibility-in-vital-markets/,PublicationPage,"removed ""Competition"""
False,topic_removal,"Why Canada’s Housing Crisis Is a Productivity Crisis, Too",https://www.cigionline.org/articles/why-canadas-housing-crisis-is-a-productivity-crisis-too/,ArticlePage,"removed ""Competition""; page now has no topics left"
False,topic_removal,Why Dominant Digital Platforms Need More Competition,https://www.cigionline.org/articles/why-dominant-digital-platforms-need-more-competition/,ArticlePage,"removed ""Competition"""
False,topic_removal,A Beast of a Different Kind: Malign Foreign Information Operations,https://www.cigionline.org/publications/a-beast-of-a-different-kind-malign-foreign-information-operations/,PublicationPage,"removed ""Freedom of Thought"""
False,topic_removal,A Call to Address Anthropomorphic AI Threats to Freedom of Thought,https://www.cigionline.org/publications/a-call-to-address-anthropomorphic-ai-threats-to-freedom-of-thought/,PublicationPage,"removed ""Freedom of Thought"""
False,topic_removal,Against the Corporate Capture of Human Connection,https://www.cigionline.org/articles/against-the-corporate-capture-of-human-connection/,ArticlePage,"removed ""Freedom of Thought"""
False,topic_removal,Anticipating the Mind-Machine: Governance Innovation for Frontier Technologies,https://www.cigionline.org/publications/anticipating-the-mind-machine-governance-innovation-for-frontier-technologies/,PublicationPage,"removed ""Freedom of Thought"""
False,topic_removal,Can Free Thinking Survive the Onslaught of False Content?,https://www.cigionline.org/articles/can-free-thinking-survive-the-onslaught-of-false-content/,ArticlePage,"removed ""Freedom of Thought"""
False,topic_removal,Comparisons of Media Literacy Education Programs Across Canada,https://www.cigionline.org/publications/comparisons-of-media-literacy-education-programs-across-canada/,PublicationPage,"removed ""Freedom of Thought"""
False,topic_removal,Decoding Brain Data (the possibilities and pitfalls of neurotech with Jared Genser),https://www.cigionline.org/pp/decoding-brain-data-the-possibilities-and-pitfalls-of-neurotech-with-jared-genser/,MultimediaPage,"removed ""Freedom of Thought"""
False,topic_removal,Democratic Renewal or Vast Panopticon? Great-Power Rivalry in the Data Economy,https://www.cigionline.org/publications/democratic-renewal-or-vast-panopticon-great-power-rivalry-in-the-data-economy/,PublicationPage,"removed ""Freedom of Thought"""
False,topic_removal,Digital Media Literacy as a Precondition for Engaged Digital Citizenship,https://www.cigionline.org/publications/digital-media-literacy-as-a-precondition-for-engaged-digital-citizenship/,PublicationPage,"removed ""Freedom of Thought"""
False,topic_removal,Film Screening and Expert Panel: “Theater of Thought”,https://www.cigionline.org/events/film-screening-theater-of-thought/,EventPage,"removed ""Freedom of Thought""; page now has no topics left"
False,topic_removal,Foreign Interference Online: Where Disinformation Infringes on Freedom of Thought,https://www.cigionline.org/publications/foreign-interference-online-where-disinformation-infringes-on-freedom-of-thought/,PublicationPage,"removed ""Freedom of Thought"""
False,topic_removal,Freedom of Thought in a Digital World,https://www.cigionline.org/multimedia/freedom-of-thought-in-a-digital-world/,MultimediaPage,"removed ""Freedom of Thought""; page now has no topics left"
False,topic_removal,Freedom of Thought on Social Media: Supporting User Navigation of False Content,https://www.cigionline.org/publications/freedom-of-thought-on-social-media-supporting-user-navigation-of-false-content/,PublicationPage,"removed ""Freedom of Thought"""
False,topic_removal,"Freedom of Thought, Social Media and the Teen Brain",https://www.cigionline.org/publications/freedom-of-thought-social-media-and-the-teen-brain/,PublicationPage,"removed ""Freedom of Thought"""
False,topic_removal,Freedom of Thought: Reviving and Protecting a Forgotten Human Right,https://www.cigionline.org/publications/freedom-of-thought-reviving-and-protecting-a-forgotten-human-right/,PublicationPage,"removed ""Freedom of Thought"""
False,topic_removal,From Risk to Readiness: Scenario Forecasting for Neuroprivacy Governance,https://www.cigionline.org/events/from-risk-to-readiness-neuroprivacy-governance/,EventPage,"removed ""Freedom of Thought""; page now has no topics left"
False,topic_removal,"Generative AI, Democracy and Human Rights",https://www.cigionline.org/publications/generative-ai-democracy-and-human-rights/,PublicationPage,"removed ""Freedom of Thought"""
False,topic_removal,Governing Data and AI to Protect Inner Freedoms Includes a Role for IP,https://www.cigionline.org/publications/governing-data-and-ai-to-protect-inner-freedoms-includes-a-role-for-ip/,PublicationPage,"removed ""Freedom of Thought"""
False,topic_removal,Has the US Supreme Court Made It Harder to Regulate Social Media — or the Opposite?,https://www.cigionline.org/articles/has-the-us-supreme-court-made-it-harder-to-regulate-social-media-or-the-opposite/,ArticlePage,"removed ""Freedom of Thought"""
False,topic_removal,Legitimate Influence or Unlawful Manipulation?,https://www.cigionline.org/publications/publication-series/legitimate-influence-or-unlawful-manipulation/,PublicationSeriesPage,"removed ""Freedom of Thought"""
False,topic_removal,"Narrative Dominance, Information Warfare and the Freedom to Think",https://www.cigionline.org/publications/narrative-dominance-information-warfare-and-the-freedom-to-think/,PublicationPage,"removed ""Freedom of Thought"""
False,topic_removal,New Logics for Governing Human Discourse in the Online Era,https://www.cigionline.org/publications/new-logics-for-governing-human-discourse-in-the-online-era/,PublicationPage,"removed ""Freedom of Thought"""
False,topic_removal,New Technologies Challenge Freedom of Thought: Cases and Directions for Research,https://www.cigionline.org/publications/new-technologies-challenge-freedom-of-thought-cases-and-directions-for-research/,PublicationPage,"removed ""Freedom of Thought"""
False,topic_removal,Protecting Freedom of Thought and Public Health in a Pandemic,https://www.cigionline.org/publications/protecting-freedom-of-thought-and-public-health-in-a-pandemic/,PublicationPage,"removed ""Freedom of Thought"""
False,topic_removal,Protecting Freedom of Thought in the Digital Age,https://www.cigionline.org/publications/protecting-freedom-of-thought-in-the-digital-age/,PublicationPage,"removed ""Freedom of Thought"""
False,topic_removal,Protecting Freedom of Thought: Mitigating Technological Enablers of Disinformation,https://www.cigionline.org/publications/protecting-freedom-of-thought-mitigating-technological-enablers-of-disinformation/,PublicationPage,"removed ""Freedom of Thought"""
False,topic_removal,Protecting the Freedom of Thought and Modern International Law,https://www.cigionline.org/events/protecting-the-freedom-of-thought-and-modern-international-law/,EventPage,"removed ""Freedom of Thought""; page now has no topics left"
False,topic_removal,Restoring Freedom in Freedom of Thought,https://www.cigionline.org/articles/restoring-freedom-in-freedom-of-thought/,ArticlePage,"removed ""Freedom of Thought"""
False,topic_removal,Rethinking TikTok Regulation in Canada,https://www.cigionline.org/publications/rethinking-tiktok-regulation-in-canada/,PublicationPage,"removed ""Freedom of Thought"""
False,topic_removal,Safeguarding Privacy and Preserving Freedom of Thought in Canada: A Call to Action,https://www.cigionline.org/articles/safeguarding-privacy-and-preserving-freedom-of-thought-in-canada-a-call-to-action/,ArticlePage,"removed ""Freedom of Thought"""
False,topic_removal,Technological Threats to Our Freedom of Thought,https://www.cigionline.org/multimedia/technological-threats-to-our-freedom-of-thought/,MultimediaPage,"removed ""Freedom of Thought"""
False,topic_removal,Technology-Facilitated Mind Hacking: Protection of Inner Freedoms in Canadian Law,https://www.cigionline.org/publications/technology-facilitated-mind-hacking-protection-of-inner-freedoms-in-canadian-law/,PublicationPage,"removed ""Freedom of Thought"""
False,topic_removal,The Intersection of Digital Rights and Technology: Charting a Path Forward,https://www.cigionline.org/publications/the-intersection-of-digital-rights-and-technology-charting-a-path-forward/,PublicationPage,"removed ""Freedom of Thought"""
False,topic_removal,Toward an International Agenda to Protect the Forum Internum,https://www.cigionline.org/publications/toward-an-international-agenda-to-protect-the-forum-internum/,PublicationPage,"removed ""Freedom of Thought"""
False,topic_removal,When Human Bias Meets Machine-Scale Amplification,https://www.cigionline.org/articles/when-human-bias-meets-machine-scale-amplification/,ArticlePage,"removed ""Freedom of Thought"""
False,topic_removal,"Without Freedom of Thought, Future Planning Becomes Impossible",https://www.cigionline.org/articles/without-freedom-of-thought-future-planning-becomes-impossible/,ArticlePage,"removed ""Freedom of Thought"""
False,topic_removal,Addressing Canada’s Exposure to Space-Cyber Threats,https://www.cigionline.org/publications/addressing-canadas-exposure-to-space-cyber-threats/,PublicationPage,"removed ""Space Governance"""
False,topic_removal,Aftershocks: Disruptive Growth in Low Earth Orbit Creates New Policy Challenges,https://www.cigionline.org/publications/aftershocks-disruptive-growth-in-low-earth-orbit-creates-new-policy-challenges/,PublicationPage,"removed ""Space Governance"""
False,topic_removal,Are We Prepared for the New Era of Spacefaring?,https://www.cigionline.org/articles/are-we-prepared-for-the-new-era-of-spacefaring/,ArticlePage,"removed ""Space Governance""; page now has no topics left"
False,topic_removal,Artemis II and the Next Phase of Space: What We’re Really Building,https://www.cigionline.org/articles/artemis-ii-and-the-next-phase-of-space-what-were-really-building/,ArticlePage,"removed ""Space Governance""; page now has no topics left"
False,topic_removal,"As Diplomacy Falters, Banning Weapons in Space Is More Crucial than Ever",https://www.cigionline.org/articles/as-diplomacy-falters-banning-weapons-in-space-is-more-crucial-than-ever/,ArticlePage,"removed ""Space Governance"""
False,topic_removal,"As Geopolitical Blocs Vie for Primacy in Space, the History of Colonization Looms Large",https://www.cigionline.org/articles/as-geopolitical-blocs-vie-for-primacy-in-space-the-history-of-colonization-looms-large/,ArticlePage,"removed ""Space Governance"""
False,topic_removal,"As Space Exploration Takes Off, Governance Struggles for Lift",https://www.cigionline.org/articles/as-space-exploration-takes-off-governance-struggles-for-lift/,ArticlePage,"removed ""Space Governance""; page now has no topics left"
False,topic_removal,"Builder, Stabilizer, Steward: Why Space Needs More Canada",https://www.cigionline.org/publications/builder-stabilizer-steward-why-space-needs-more-canada/,PublicationPage,"removed ""Space Governance""; page now has no topics left"
False,topic_removal,Canada Can Lead by Saying No to Armed Satellites,https://www.cigionline.org/articles/canada-can-lead-by-saying-no-to-armed-satellites/,ArticlePage,"removed ""Space Governance""; page now has no topics left"
False,topic_removal,Canada Should Resist Trump’s “Golden Dome” Fantasy,https://www.cigionline.org/articles/canada-should-resist-trumps-golden-dome-fantasy/,ArticlePage,"removed ""Space Governance"""
False,topic_removal,China’s Spy Satellites Make Balloons Incidental,https://www.cigionline.org/articles/chinas-spy-satellites-make-balloons-incidental/,ArticlePage,"removed ""Space Governance"""
False,topic_removal,Chinese Thinking on the Space-Cyber Nexus,https://www.cigionline.org/articles/chinese-thinking-on-the-space-cyber-nexus/,ArticlePage,"removed ""Space Governance"""
False,topic_removal,CIGI and Space Canada Host SpaceBound 2023 Kickoff Dinner,https://www.cigionline.org/events/cigi-space-canada-spacebound-2023-kickoff-dinner/,EventPage,"removed ""Space Governance""; page now has no topics left"
False,topic_removal,Clearing the Fog: The Grey Zones of Space Governance,https://www.cigionline.org/publications/clearing-the-fog-the-grey-zones-of-space-governance/,PublicationPage,"removed ""Space Governance""; page now has no topics left"
False,topic_removal,Clearing the Fog: The Grey Zones of Space Governance,https://www.cigionline.org/multimedia/clearing-the-fog-the-grey-zones-of-space-governance/,MultimediaPage,"removed ""Space Governance""; page now has no topics left"
False,topic_removal,Closing the Global North-South Gap in the Second Space Age,https://www.cigionline.org/publications/closing-the-global-north-south-gap-in-the-second-space-age/,PublicationPage,"removed ""Space Governance"""
False,topic_removal,Commercial Satellites Deployed in Ukraine’s Defence,https://www.cigionline.org/articles/commercial-satellites-deployed-in-ukraines-defence/,ArticlePage,"removed ""Space Governance"""
False,topic_removal,Commercial Space Operators on the Digital Battlefield,https://www.cigionline.org/articles/commercial-space-operators-on-the-digital-battlefield/,ArticlePage,"removed ""Space Governance"""
False,topic_removal,Connecting Canada’s Strategic Vision with Commercial Space Capabilities,https://www.cigionline.org/publications/connecting-canadas-strategic-vision-with-commercial-space-capabilities/,PublicationPage,"removed ""Space Governance""; page now has no topics left"
False,topic_removal,Counterspace Capabilities: Renewed Hope for Cooperative Governance?,https://www.cigionline.org/publications/counterspace-capabilities-renewed-hope-for-cooperative-governance/,PublicationPage,"removed ""Space Governance"""
False,topic_removal,Cyberproofing India’s Space Assets,https://www.cigionline.org/articles/cyberproofing-indias-space-assets/,ArticlePage,"removed ""Space Governance"""
False,topic_removal,Cybersecurity and Outer Space,https://www.cigionline.org/cybersecurity-and-outer-space/,ArticleSeriesPage,"removed ""Space Governance"""
False,topic_removal,Cybersecurity and Outer Space,https://www.cigionline.org/publications/cybersecurity-and-outer-space/,PublicationPage,"removed ""Space Governance"""
False,topic_removal,"Cybersecurity and Space, the analysis by Roberto Mazzolin (Rhea) from the NSE Expoforum",https://www.cigionline.org/articles/cybersecurity-and-space-the-analysis-by-roberto-mazzolin-rhea-from-the-nse-expoforum/,ArticlePage,"removed ""Space Governance"""
False,topic_removal,Cybersecurity of Space Infrastructure and Space Sustainability: Japan’s View,https://www.cigionline.org/articles/cybersecurity-of-space-infrastructure-and-space-sustainability-japans-view/,ArticlePage,"removed ""Space Governance"""
False,topic_removal,Cyberwarfare Blurs Line between Civilian and Military Targets,https://www.cigionline.org/multimedia/cyberwarfare-blurs-line-between-civilian-and-military-targets/,MultimediaPage,"removed ""Space Governance"""
False,topic_removal,Developing a Space Ethic Respectful of Indigenous Cultures,https://www.cigionline.org/publications/developing-a-space-ethic-respectful-of-indigenous-cultures/,PublicationPage,"removed ""Space Governance"""
False,topic_removal,Dig Deep and Look Up: Applying Canada’s Mining Experience to the Moon,https://www.cigionline.org/publications/dig-deep-and-look-up-applying-canadas-mining-experience-to-the-moon/,PublicationPage,"removed ""Space Governance"""
False,topic_removal,"Digital Governance in 2026: The Key Shifts Shaping Technology, Security and Global Power",https://www.cigionline.org/articles/digital-governance-in-2026-the-key-shifts-shaping-technology-security-and-global-power/,ArticlePage,"removed ""Space Governance"""
False,topic_removal,Earth’s Orbit Is Increasingly Crowded: The UN Must Act,https://www.cigionline.org/articles/earths-orbit-is-increasingly-crowded-the-un-must-act/,ArticlePage,"removed ""Space Governance"""
False,topic_removal,Ensuring Stability in Lunar Activities,https://www.cigionline.org/publications/ensuring-stability-in-lunar-activities/,PublicationPage,"removed ""Space Governance""; page now has no topics left"
False,topic_removal,For All Humankind: A Framework for Responsible Spacefaring,https://www.cigionline.org/publications/for-all-humankind-a-framework-for-responsible-spacefaring/,PublicationPage,"removed ""Space Governance"""
False,topic_removal,Foreword: Is the Earth’s Orbit Becoming a Lawless Frontier?,https://www.cigionline.org/articles/foreword-is-the-earths-orbit-becoming-a-lawless-frontier/,ArticlePage,"removed ""Space Governance"""
False,topic_removal,"Formulating, Interpreting and Applying International Law in Space",https://www.cigionline.org/articles/formulating-interpreting-and-applying-international-law-in-space/,ArticlePage,"removed ""Space Governance"""
False,topic_removal,"Geneva, We Have a Problem: Space Diplomacy Goes Nuclear",https://www.cigionline.org/publications/geneva-we-have-a-problem-space-diplomacy-goes-nuclear/,PublicationPage,"removed ""Space Governance"""
False,topic_removal,Geopolitical Ambitions and Rule Contestations in Space Governance,https://www.cigionline.org/publications/geopolitical-ambitions-and-rule-contestations-in-space-governance/,PublicationPage,"removed ""Space Governance"""
False,topic_removal,"If Humanity Is to Succeed in Space, Our Ethics Must Evolve",https://www.cigionline.org/articles/if-humanity-is-to-succeed-in-space-our-ethics-must-evolve/,ArticlePage,"removed ""Space Governance"""
False,topic_removal,Indigenous Cosmic Caretaking and the Future of Space Exploration,https://www.cigionline.org/publications/indigenous-cosmic-caretaking-and-the-future-of-space-exploration/,PublicationPage,"removed ""Space Governance""; page now has no topics left"
False,topic_removal,Innovative Instruments for Space Governance,https://www.cigionline.org/articles/innovative-instruments-space-governance/,ArticlePage,"removed ""Space Governance"""
False,topic_removal,International Humanitarian Law in the “Grey Zone” of Space and Cyber,https://www.cigionline.org/articles/international-humanitarian-law-in-the-grey-zone-of-space-and-cyber/,ArticlePage,"removed ""Space Governance"""
False,topic_removal,Interplanetary Internet Governance,https://www.cigionline.org/publications/interplanetary-internet-governance/,PublicationPage,"removed ""Space Governance"""
False,topic_removal,Missed Opportunity to Curb Security Threats in Space Leaves All More Vulnerable,https://www.cigionline.org/articles/missed-opportunity-to-curb-security-threats-in-space-leaves-all-more-vulnerable/,ArticlePage,"removed ""Space Governance"""
False,topic_removal,Multi-stakeholder Data Access in Space-Based Climate Monitoring,https://www.cigionline.org/publications/multi-stakeholder-data-access-in-space-based-climate-monitoring/,PublicationPage,"removed ""Space Governance"""
False,topic_removal,NASA Begins Charting Ethical Trajectories for the Moon and Mars,https://www.cigionline.org/articles/nasa-begins-charting-ethical-trajectories-for-the-moon-and-mars/,ArticlePage,"removed ""Space Governance""; page now has no topics left"
False,topic_removal,National Security Goes into Space,https://www.cigionline.org/publications/national-security-goes-into-space/,PublicationPage,"removed ""Space Governance"""
False,topic_removal,NATO versus Non-kinetic Threats: Implications and Opportunities,https://www.cigionline.org/articles/nato-versus-non-kinetic-threats-implications-and-opportunities/,ArticlePage,"removed ""Space Governance"""
False,topic_removal,"On Space Week, Leaders Should Look to the Stars",https://www.cigionline.org/articles/on-space-week-leaders-should-look-to-the-stars/,ArticlePage,"removed ""Space Governance"""
False,topic_removal,Only Effective Space Governance Can Prevent Future Conflict,https://www.cigionline.org/articles/only-effective-space-governance-can-prevent-future-conflict/,ArticlePage,"removed ""Space Governance""; page now has no topics left"
False,topic_removal,"Outer Space and the Arctic: Connections, Opportunities, Challenges",https://www.cigionline.org/publications/outer-space-and-the-arctic-connections-opportunities-challenges/,PublicationPage,"removed ""Space Governance"""
False,topic_removal,Responding to the Cybersecurity Challenges of the New Space Environment,https://www.cigionline.org/articles/responding-to-the-cybersecurity-challenges-of-the-new-space-environment/,ArticlePage,"removed ""Space Governance"""
False,topic_removal,Round Table Discussion on Cybersecurity and Outer Space,https://www.cigionline.org/events/round-table-discussion-on-cybersecurity-and-outer-space/,EventPage,"removed ""Space Governance"""
False,topic_removal,Rudiments of a Space Security Policy Framework,https://www.cigionline.org/publications/rudiments-of-a-space-security-policy-framework/,PublicationPage,"removed ""Space Governance"""
False,topic_removal,Satellite Phone Networks Can Democratize Global Communication,https://www.cigionline.org/articles/satellite-phone-networks-can-democratize-global-communication/,ArticlePage,"removed ""Space Governance"""
False,topic_removal,Securing the New Space Domain: An Introduction,https://www.cigionline.org/articles/securing-the-new-space-domain-an-introduction/,ArticlePage,"removed ""Space Governance"""
False,topic_removal,Simple Steps Space Companies Can Take to Increase Transparency and Trust,https://www.cigionline.org/publications/simple-steps-space-companies-can-take-to-increase-transparency-and-trust/,PublicationPage,"removed ""Space Governance""; page now has no topics left"
False,topic_removal,Space and Cyber Global Governance: A View from the Global South,https://www.cigionline.org/articles/space-and-cyber-global-governance-a-view-from-the-global-south/,ArticlePage,"removed ""Space Governance"""
False,topic_removal,Space Canada and CIGI: SpaceBound 2025 Dialogue Dinner,https://www.cigionline.org/events/space-canada-and-cigi-spacebound-2025-dialogue-dinner/,EventPage,"removed ""Space Governance""; page now has no topics left"
False,topic_removal,"Space Citizen: The Gap Between You, Me and the Governance of Space",https://www.cigionline.org/publications/space-citizen-the-gap-between-you-me-and-the-governance-of-space/,PublicationPage,"removed ""Space Governance"""
False,topic_removal,Space Governance 4.0,https://www.cigionline.org/activities/space-governance/,ProjectPage,"removed ""Space Governance""; page now has no topics left"
False,topic_removal,Space Is a Human Domain (discussing governance challenges with Esther Brimmer and Jessica West),https://www.cigionline.org/pp/space-is-a-human-domain-discussing-governance-challenges-with-esther-brimmer-and-jessica-west/,MultimediaPage,"removed ""Space Governance""; page now has no topics left"
False,topic_removal,Space Law Explained,https://www.cigionline.org/multimedia/space-law-explained/,MultimediaPage,"removed ""Space Governance""; page now has no topics left"
False,topic_removal,Space Security and Emerging Technologies: From Principles to Practice,https://www.cigionline.org/events/space-security-and-emerging-technologies-from-principles-to-practice/,EventPage,"removed ""Space Governance"""
False,topic_removal,Space Security in Geneva: Between Constraint and Convergence,https://www.cigionline.org/articles/space-security-in-geneva-between-constraint-and-convergence/,ArticlePage,"removed ""Space Governance"""
False,topic_removal,Strengthening Planetary Protection Policies in the Second Space Age,https://www.cigionline.org/articles/strengthening-planetary-protection-policies-second-space-age/,ArticlePage,"removed ""Space Governance"""
False,topic_removal,The Cyber Counterspace Threat: Coming Out of the Shadows,https://www.cigionline.org/articles/the-cyber-counterspace-threat-coming-out-of-the-shadows/,ArticlePage,"removed ""Space Governance"""
False,topic_removal,The Cyber Phantom Menace to Space Security,https://www.cigionline.org/articles/the-cyber-phantom-menace-to-space-security/,ArticlePage,"removed ""Space Governance"""
False,topic_removal,The First Space-Cyber War and the Need for New Regimes and Policies,https://www.cigionline.org/publications/the-first-space-cyber-war-and-the-need-for-new-regimes-and-policies/,PublicationPage,"removed ""Space Governance"""
False,topic_removal,The Five Eyes and Space: A New Frontier for an Old Intelligence Alliance,https://www.cigionline.org/articles/the-five-eyes-and-space-a-new-frontier-for-an-old-intelligence-alliance/,ArticlePage,"removed ""Space Governance"""
False,topic_removal,The Growth of the Space Economy and New Cyber Vulnerabilities,https://www.cigionline.org/articles/the-growth-of-the-space-economy-and-new-cyber-vulnerabilities/,ArticlePage,"removed ""Space Governance"""
False,topic_removal,The Human Role in Cybersecurity Vulnerabilities,https://www.cigionline.org/multimedia/the-human-role-in-cybersecurity-vulnerabilities/,MultimediaPage,"removed ""Space Governance"""
False,topic_removal,The Importance of Satellites to Life on Earth,https://www.cigionline.org/multimedia/the-importance-of-satellites-to-life-on-earth/,MultimediaPage,"removed ""Space Governance"""
False,topic_removal,The Mega Disruption: Satellite Constellations and Space-based Internet,https://www.cigionline.org/articles/mega-disruption-satellite-constellations-and-space-based-internet/,ArticlePage,"removed ""Space Governance"""
False,topic_removal,The Rush into Space Is Producing a Perilous Legal Fragmentation,https://www.cigionline.org/articles/the-rush-into-space-is-producing-a-perilous-legal-fragmentation/,ArticlePage,"removed ""Space Governance""; page now has no topics left"
False,topic_removal,The Strategic Military Importance of the Space Domain,https://www.cigionline.org/multimedia/the-strategic-military-importance-of-the-space-domain/,MultimediaPage,"removed ""Space Governance"""
False,topic_removal,The Ungoverned Space of US Space-Cyber Governance,https://www.cigionline.org/articles/the-ungoverned-space-of-us-space-cyber-governance/,ArticlePage,"removed ""Space Governance"""
False,topic_removal,Threat Inflation: What We’re Getting Wrong about the Spy Balloon,https://www.cigionline.org/articles/threat-inflation-what-were-getting-wrong-about-the-spy-balloon/,ArticlePage,"removed ""Space Governance"""
False,topic_removal,Top Reads of 2022,https://www.cigionline.org/articles/top-reads-of-2022/,ArticlePage,"removed ""Space Governance"""
False,topic_removal,Undercover Infrastructure: Dual-Use Arctic Satellite Ground Stations,https://www.cigionline.org/publications/undercover-infrastructure-dual-use-arctic-satellite-ground-stations/,PublicationPage,"removed ""Space Governance"""
False,topic_removal,"Until Now, Humans Have Been Lucky in Space — It Won’t Last Forever",https://www.cigionline.org/articles/until-now-humans-have-been-lucky-in-space-it-wont-last-forever/,ArticlePage,"removed ""Space Governance""; page now has no topics left"
False,topic_removal,Using AI for Better Space Governance,https://www.cigionline.org/publications/using-ai-for-better-space-governance/,PublicationPage,"removed ""Space Governance"""
False,topic_removal,Variable Geometry in Orbit: Canada’s Middle‑Power Moment in Space,https://www.cigionline.org/articles/variable-geometry-in-orbit-canadas-middlepower-moment-in-space/,ArticlePage,"removed ""Space Governance"""
False,topic_removal,Walking with Grandmother Moon: Advancing UNDRIP in Space Governance,https://www.cigionline.org/publications/walking-with-grandmother-moon-advancing-undrip-in-space-governance/,PublicationPage,"removed ""Space Governance""; page now has no topics left"
False,topic_removal,Where Outer Space Meets Cyberspace: A Human-Centric Look at Space Security,https://www.cigionline.org/articles/where-outer-space-meets-cyberspace-a-human-centric-look-at-space-security/,ArticlePage,"removed ""Space Governance"""
False,topic_removal,"Who Owns Outer Space, and Everything in It?",https://www.cigionline.org/articles/who-owns-outer-space-and-everything-in-it/,ArticlePage,"removed ""Space Governance"""
False,topic_removal,World Space Week: Looking at a Global Plan to Monitor Emissions Using Satellite Technology,https://www.cigionline.org/articles/world-space-week-looking-global-plan-monitor-emissions-using-satellite-technology/,ArticlePage,"removed ""Space Governance""; page now has no topics left"
False,competition_suggestion_retag,Are Canada's competition laws outdated? Some say it's time for change,https://www.cigionline.org/articles/are-canadas-competition-laws-outdated-some-say-its-time-for-change/,ArticlePage,"added ""Digital Economy"" after removing ""Competition"""
False,competition_suggestion_retag,Canadian Productivity Lecture Series Aims to Address Declining Standard of Living,https://www.cigionline.org/articles/canadian-productivity-lecture-series-aims-to-address-declining-standard-of-living/,ArticlePage,"added ""Emerging Technologies"" after removing ""Competition"""
False,competition_suggestion_retag,Canadians Deserve Laws That Better Protect Competition,https://www.cigionline.org/articles/canadians-deserve-laws-that-better-protect-competition/,ArticlePage,"added ""Digital Economy"" after removing ""Competition"""
False,competition_suggestion_retag,Competing Ideas: Canada’s Competition Reform Conversation,https://www.cigionline.org/publications/competing-ideas-canadas-competition-reform-conversation/,PublicationPage,"added ""Digital Economy"" after removing ""Competition"""
False,competition_suggestion_retag,Competing Ideas: Canada’s Competition Reform Conversation,https://www.cigionline.org/multimedia/competing-ideas-canadas-competition-reform-conversation/,MultimediaPage,"added ""Digital Economy"" after removing ""Competition"""
False,competition_suggestion_retag,Competition Bureau remains firm in its decision to challenge proposed Rogers-Shaw merger,https://www.cigionline.org/articles/competition-bureau-remains-firm-in-its-decision-to-challenge-proposed-rogers-shaw-merger/,ArticlePage,"added ""Digital Economy"" after removing ""Competition"""
False,competition_suggestion_retag,Competition Policy Explained,https://www.cigionline.org/multimedia/competition-policy-explained/,MultimediaPage,"added ""Digital Economy"" after removing ""Competition"""
False,competition_suggestion_retag,From Brain Drain to Brain Gain: How India Can Outflank the US in AI,https://www.cigionline.org/articles/from-brain-drain-to-brain-gain-how-india-can-outflank-the-us-in-ai/,ArticlePage,"added ""Artificial Intelligence"" after removing ""Competition"""
False,competition_suggestion_retag,Is Competition Tribunal’s Decision on Rogers-Shaw on a Collision Course with the CRTC?,https://www.cigionline.org/articles/is-competition-tribunals-decision-on-rogers-shaw-on-a-collision-course-with-the-crtc/,ArticlePage,"added ""Digital Economy"" after removing ""Competition"""
False,competition_suggestion_retag,Ottawa Rejects Part of Rogers-Shaw Deal,https://www.cigionline.org/articles/ottawa-rejects-part-of-rogers-shaw-deal/,ArticlePage,"added ""Digital Economy"" after removing ""Competition"""
False,competition_suggestion_retag,Proposed Amendments to Canada’s Competition Act Should Go Further,https://www.cigionline.org/articles/proposed-amendments-to-canadas-competition-act-should-go-further/,ArticlePage,"added ""Digital Economy"" after removing ""Competition"""
False,competition_suggestion_retag,The Canadian business playing field isn’t as fair as you think,https://www.cigionline.org/articles/features-from-pivot-magazine-the-canadian-business-playing-field-isnt-as-fair-as-you-think/,ArticlePage,"added ""Digital Economy"" after removing ""Competition"""
False,competition_suggestion_retag,"The Canadian Standard of Living, Productivity and Innovation Lecture Series",https://www.cigionline.org/multimedia/the-canadian-standard-of-living-productivity-and-innovation-lecture-series/,MultimediaPage,"added ""Emerging Technologies"" after removing ""Competition"""
False,competition_suggestion_retag,The Competition Cage Match (Vass Bednar and Denise Hearn weigh in),https://www.cigionline.org/pp/the-competition-cage-match-vass-bednar-and-denise-hearn-weigh-in/,MultimediaPage,"added ""Digital Economy"" after removing ""Competition"""
False,competition_suggestion_retag,The DOJ’s Action against Google’s Monopoly Is Long Overdue,https://www.cigionline.org/articles/the-dojs-action-against-googles-monopoly-is-long-overdue/,ArticlePage,"added ""Platform Governance"" after removing ""Competition"""
False,competition_suggestion_retag,The Next Battleground for the Rogers-Shaw Merger Will Be the CRTC,https://www.cigionline.org/articles/the-next-battleground-for-the-rogers-shaw-merger-will-be-the-crtc/,ArticlePage,"added ""Digital Economy"" after removing ""Competition"""
False,competition_suggestion_retag,What Is the Competition Bureau’s Vision for the Future of Competition Policy?,https://www.cigionline.org/articles/what-is-the-competition-bureaus-vision-for-the-future-of-competition-policy/,ArticlePage,"added ""Digital Economy"" after removing ""Competition"""
False,competition_suggestion_retag,What’s Ahead for Canada’s Telecom Policy After Rogers-Shaw?,https://www.cigionline.org/articles/whats-ahead-for-canadas-telecom-policy-after-rogers-shaw/,ArticlePage,"added ""Digital Economy"" after removing ""Competition"""
False,competition_suggestion_retag,"Why Canada’s Housing Crisis Is a Productivity Crisis, Too",https://www.cigionline.org/articles/why-canadas-housing-crisis-is-a-productivity-crisis-too/,ArticlePage,"added ""Digital Economy"" after removing ""Competition"""
False,project_topic_tagging,AI and Trade: The WTO’s Thoughtful but Incomplete Assessment,https://www.cigionline.org/publications/ai-and-trade-the-wtos-thoughtful-but-incomplete-assessment/,PublicationPage,"added ""India, China and Africa"""
False,project_topic_tagging,Cross-Border Data Transfer Regimes: Current Landscape and Outlook Ahead,https://www.cigionline.org/publications/cross-border-data-transfer-regimes-current-landscape-and-outlook-ahead/,PublicationPage,"added ""India, China and Africa"""
False,project_topic_tagging,Developing Countries’ Business Participation in the AI Economy,https://www.cigionline.org/publications/developing-countries-business-participation-in-the-ai-economy/,PublicationPage,"added ""India, China and Africa"""
False,project_topic_tagging,Intellectual Property Amid Trade Tensions,https://www.cigionline.org/publications/intellectual-property-amid-trade-tensions/,PublicationPage,"added ""India, China and Africa"""
False,project_topic_tagging,Meaningful Engagement: Lessons from Canada and Other Democracies,https://www.cigionline.org/publications/meaningful-engagement-lessons-from-canada-and-other-democracies/,PublicationPage,"added ""India, China and Africa"""
False,project_topic_tagging,Public Concerns About AI Are Getting Lost in Translation,https://www.cigionline.org/publications/public-concerns-about-ai-are-getting-lost-in-translation/,PublicationPage,"added ""India, China and Africa"""
False,project_topic_tagging,Rebalancing Canadian Trade: Why ASEAN Matters More Than Ever,https://www.cigionline.org/articles/rebalancing-canadian-trade-why-asean-matters-more-than-ever/,ArticlePage,"added ""India, China and Africa"""
False,project_topic_tagging,Trade Conflicts and Competition Policy in Canada’s Digital Economy,https://www.cigionline.org/publications/trade-conflicts-and-competition-policy-in-canadas-digital-economy/,PublicationPage,"added ""India, China and Africa"""
